Destination,Service,0.25,0.50,0.75,1.00,1.25,1.50,1.75,2.00,2.50,3.00,3.50,4.00,4.50,5.00,5.50,6.00,6.50,7.00,7.50,8.00,8.50,9.00,9.50,10.00,15.00,20.00,25.00,30.00
Austria,DDP Courier, 짙 9.54 , 짙 9.54 , 짙 10.05 , 짙 10.05 , 짙 10.05 , 짙 10.05 , 짙 10.05 , 짙 10.05 , 짙 10.41 , 짙 10.41 , 짙 10.41 , 짙 10.41 , 짙 10.41 , 짙 10.41 , 짙 11.64 , 짙 11.64 , 짙 11.64 , 짙 11.64 , 짙 11.64 , 짙 11.64 , 짙 11.64 , 짙 11.64 , 짙 11.64 , 짙 11.64 , 짙 12.63 , 짙 12.63 , 짙 14.91 , 짙 14.91 
Belgium,DDP Courier, 짙 7.36 , 짙 7.36 , 짙 7.72 , 짙 7.72 , 짙 7.79 , 짙 7.79 , 짙 7.88 , 짙 7.88 , 짙 8.23 , 짙 8.23 , 짙 8.49 , 짙 8.49 , 짙 8.84 , 짙 8.84 , 짙 10.24 , 짙 10.24 , 짙 10.24 , 짙 10.24 , 짙 10.24 , 짙 10.24 , 짙 10.24 , 짙 10.24 , 짙 10.24 , 짙 10.24 , 짙 12.94 , 짙 14.24 , 짙 15.87 , 짙 15.87 
Bulgaria,DDP Courier, 짙 10.14 , 짙 10.14 , 짙 10.81 , 짙 10.81 , 짙 11.20 , 짙 11.20 , 짙 11.20 , 짙 11.20 , 짙 13.38 , 짙 13.38 , 짙 13.38 , 짙 13.38 , 짙 13.38 , 짙 13.38 , 짙 18.05 , 짙 18.05 , 짙 18.05 , 짙 18.05 , 짙 18.05 , 짙 18.05 , 짙 18.05 , 짙 18.05 , 짙 18.05 , 짙 18.05 , 짙 24.84 , 짙 24.84 , 짙 27.92 , 짙 27.92 
Croatia,DDP Courier, 짙 10.05 , 짙 10.05 , 짙 10.72 , 짙 10.72 , 짙 11.51 , 짙 11.51 , 짙 11.51 , 짙 11.51 , 짙 12.29 , 짙 12.29 , 짙 12.29 , 짙 12.29 , 짙 12.29 , 짙 12.29 , 짙 16.48 , 짙 16.48 , 짙 16.48 , 짙 16.48 , 짙 16.48 , 짙 16.48 , 짙 16.48 , 짙 16.48 , 짙 16.48 , 짙 16.48 , 짙 23.66 , 짙 23.66 , 짙 26.75 , 짙 26.75 
Cyprus,DDP Courier, 짙 8.88 , 짙 10.97 , 짙 13.29 , 짙 15.38 , 짙 17.45 , 짙 19.53 , 짙 21.60 , 짙 23.69 , 짙 29.42 , 짙 31.56 , 짙 33.71 , 짙 35.84 , 짙 37.99 , 짙 40.13 , 짙 42.87 , 짙 45.01 , 짙 47.16 , 짙 49.29 , 짙 51.44 , 짙 53.58 , 짙 55.73 , 짙 57.86 , 짙 60.01 , 짙 62.15 , 짙 84.05 , 짙 105.46 , 짙 128.00 , 짙 149.41 
Czechia,DDP Courier, 짙 7.57 , 짙 7.57 , 짙 8.24 , 짙 8.24 , 짙 8.24 , 짙 8.24 , 짙 8.24 , 짙 8.24 , 짙 8.75 , 짙 8.75 , 짙 8.75 , 짙 8.75 , 짙 8.75 , 짙 8.75 , 짙 12.79 , 짙 12.79 , 짙 12.79 , 짙 12.79 , 짙 12.79 , 짙 12.79 , 짙 12.79 , 짙 12.79 , 짙 12.79 , 짙 12.79 , 짙 19.77 , 짙 19.77 , 짙 22.86 , 짙 22.86 
Denmark,DDP Shop, 짙 7.61 , 짙 7.61 , 짙 8.46 , 짙 8.46 , 짙 8.46 , 짙 8.60 , 짙 8.60 , 짙 8.60 , 짙 9.23 , 짙 9.32 , 짙 9.32 , 짙 9.32 , 짙 9.32 , 짙 9.51 , 짙 11.58 , 짙 11.58 , 짙 11.58 , 짙 11.58 , 짙 11.76 , 짙 11.76 , 짙 11.76 , 짙 11.76 , 짙 11.76 , 짙 11.96 , 짙 13.99 , 짙 13.99 , 짙 17.87 , 짙 17.87 
Estonia,DDP Courier, 짙 11.36 , 짙 11.36 , 짙 12.57 , 짙 12.57 , 짙 12.57 , 짙 12.57 , 짙 12.57 , 짙 12.57 , 짙 13.47 , 짙 13.47 , 짙 13.47 , 짙 13.47 , 짙 13.47 , 짙 13.47 , 짙 20.23 , 짙 20.23 , 짙 20.23 , 짙 20.23 , 짙 20.23 , 짙 20.23 , 짙 20.23 , 짙 20.23 , 짙 20.23 , 짙 20.23 , 짙 22.62 , 짙 22.62 , 짙 28.19 , 짙 28.19 
Finland,DDP Shop, 짙 11.15 , 짙 11.15 , 짙 11.96 , 짙 11.96 , 짙 11.96 , 짙 11.96 , 짙 11.96 , 짙 11.96 , 짙 12.55 , 짙 12.55 , 짙 12.55 , 짙 12.55 , 짙 12.55 , 짙 12.55 , 짙 14.54 , 짙 14.54 , 짙 14.54 , 짙 14.54 , 짙 14.54 , 짙 14.54 , 짙 14.54 , 짙 14.54 , 짙 14.54 , 짙 14.54 , 짙 16.12 , 짙 16.12 , 짙 19.83 , 짙 19.83 
France,DDP Courier, 짙 6.73 , 짙 6.75 , 짙 7.48 , 짙 7.94 , 짙 8.14 , 짙 8.14 , 짙 8.82 , 짙 8.82 , 짙 9.14 , 짙 9.14 , 짙 9.66 , 짙 9.66 , 짙 10.15 , 짙 10.15 , 짙 11.55 , 짙 11.55 , 짙 12.00 , 짙 12.00 , 짙 12.70 , 짙 12.70 , 짙 13.36 , 짙 13.36 , 짙 13.63 , 짙 13.63 , 짙 14.59 , 짙 16.63 , 짙 18.29 , 짙 18.29 
Germany,DDP Courier, 짙 6.39 , 짙 6.39 , 짙 6.66 , 짙 6.66 , 짙 7.18 , 짙 7.18 , 짙 7.18 , 짙 7.18 , 짙 7.81 , 짙 7.81 , 짙 8.23 , 짙 8.23 , 짙 8.40 , 짙 8.40 , 짙 10.00 , 짙 10.00 , 짙 10.70 , 짙 10.70 , 짙 10.70 , 짙 10.70 , 짙 10.70 , 짙 10.70 , 짙 10.70 , 짙 10.70 , 짙 14.63 , 짙 14.63 , 짙 25.15 , 짙 25.15 
Greece,DDP Courier, 짙 10.03 , 짙 13.05 , 짙 16.30 , 짙 19.30 , 짙 22.32 , 짙 24.48 , 짙 25.48 , 짙 26.48 , 짙 31.71 , 짙 33.72 , 짙 35.72 , 짙 37.74 , 짙 39.74 , 짙 41.76 , 짙 44.37 , 짙 46.37 , 짙 48.38 , 짙 50.38 , 짙 52.40 , 짙 54.40 , 짙 56.42 , 짙 58.42 , 짙 60.42 , 짙 62.43 , 짙 82.99 , 짙 103.07 , 짙 124.27 , 짙 144.34 
Hungary,DDP Courier, 짙 8.66 , 짙 8.66 , 짙 9.32 , 짙 9.32 , 짙 9.32 , 짙 9.32 , 짙 9.32 , 짙 9.32 , 짙 10.35 , 짙 10.35 , 짙 10.35 , 짙 10.35 , 짙 10.35 , 짙 10.35 , 짙 13.47 , 짙 13.47 , 짙 13.47 , 짙 13.47 , 짙 13.47 , 짙 13.47 , 짙 13.47 , 짙 13.47 , 짙 13.47 , 짙 13.47 , 짙 20.20 , 짙 20.20 , 짙 23.17 , 짙 23.17 
Ireland,DDP Courier, 짙 6.45 , 짙 6.45 , 짙 6.82 , 짙 6.82 , 짙 6.82 , 짙 6.82 , 짙 6.82 , 짙 6.82 , 짙 7.11 , 짙 7.11 , 짙 7.11 , 짙 7.11 , 짙 7.11 , 짙 7.11 , 짙 8.03 , 짙 8.03 , 짙 8.03 , 짙 8.03 , 짙 8.03 , 짙 8.03 , 짙 8.03 , 짙 8.03 , 짙 8.03 , 짙 8.03 , 짙 9.46 , 짙 9.82 , 짙 11.55 , 짙 11.55 
Italy,DDP Courier, 짙 8.14 , 짙 8.14 , 짙 8.76 , 짙 8.76 , 짙 8.76 , 짙 8.76 , 짙 8.76 , 짙 8.76 , 짙 9.76 , 짙 9.76 , 짙 9.76 , 짙 9.76 , 짙 9.76 , 짙 9.76 , 짙 13.42 , 짙 13.42 , 짙 13.42 , 짙 13.42 , 짙 13.42 , 짙 13.42 , 짙 13.42 , 짙 13.42 , 짙 13.42 , 짙 13.42 , 짙 17.99 , 짙 17.99 , 짙 24.66 , 짙 24.66 
Latvia,DDP Courier, 짙 11.36 , 짙 11.36 , 짙 12.57 , 짙 12.57 , 짙 12.57 , 짙 12.57 , 짙 12.57 , 짙 12.57 , 짙 13.47 , 짙 13.47 , 짙 13.47 , 짙 13.47 , 짙 13.47 , 짙 13.47 , 짙 20.23 , 짙 20.23 , 짙 20.23 , 짙 20.23 , 짙 20.23 , 짙 20.23 , 짙 20.23 , 짙 20.23 , 짙 20.23 , 짙 20.23 , 짙 22.62 , 짙 22.62 , 짙 28.19 , 짙 28.19 
Lithuania,DDP Courier, 짙 11.36 , 짙 11.36 , 짙 12.57 , 짙 12.57 , 짙 12.57 , 짙 12.57 , 짙 12.57 , 짙 12.57 , 짙 13.47 , 짙 13.47 , 짙 13.47 , 짙 13.47 , 짙 13.47 , 짙 13.47 , 짙 20.23 , 짙 20.23 , 짙 20.23 , 짙 20.23 , 짙 20.23 , 짙 20.23 , 짙 20.23 , 짙 20.23 , 짙 20.23 , 짙 20.23 , 짙 22.62 , 짙 22.62 , 짙 28.19 , 짙 28.19 
Luxembourg,DDP Courier, 짙 8.45 , 짙 8.45 , 짙 8.82 , 짙 8.82 , 짙 8.90 , 짙 8.90 , 짙 8.99 , 짙 8.99 , 짙 9.35 , 짙 9.35 , 짙 9.63 , 짙 9.63 , 짙 9.97 , 짙 9.97 , 짙 11.44 , 짙 11.44 , 짙 11.44 , 짙 11.44 , 짙 11.44 , 짙 11.44 , 짙 11.44 , 짙 11.44 , 짙 11.44 , 짙 11.44 , 짙 14.24 , 짙 15.59 , 짙 17.29 , 짙 17.29 
Malta,DDP Courier, 짙 10.54 , 짙 12.88 , 짙 15.48 , 짙 17.82 , 짙 20.17 , 짙 22.51 , 짙 24.87 , 짙 26.90 , 짙 29.22 , 짙 31.36 , 짙 33.50 , 짙 35.65 , 짙 37.78 , 짙 39.92 , 짙 42.67 , 짙 44.82 , 짙 46.95 , 짙 49.10 , 짙 51.23 , 짙 53.37 , 짙 55.52 , 짙 57.65 , 짙 59.80 , 짙 61.94 , 짙 83.84 , 짙 105.26 , 짙 127.79 , 짙 149.21 
Netherlands,DDP Courier, 짙 7.91 , 짙 7.91 , 짙 8.17 , 짙 8.17 , 짙 8.17 , 짙 8.17 , 짙 8.17 , 짙 8.17 , 짙 8.36 , 짙 8.36 , 짙 8.36 , 짙 8.36 , 짙 8.36 , 짙 8.36 , 짙 9.02 , 짙 9.02 , 짙 9.02 , 짙 9.02 , 짙 9.02 , 짙 9.02 , 짙 9.02 , 짙 9.02 , 짙 9.02 , 짙 9.02 , 짙 9.54 , 짙 9.91 , 짙 28.44 , 짙 28.44 
Poland,DDP Courier, 짙 8.09 , 짙 8.09 , 짙 8.76 , 짙 8.76 , 짙 8.76 , 짙 8.76 , 짙 8.76 , 짙 8.76 ,,,,,,,,,,,,,,,,,,,,
Portugal,DDP Courier, 짙 7.14 , 짙 7.14 , 짙 7.87 , 짙 8.63 , 짙 8.63 , 짙 8.63 , 짙 8.72 , 짙 8.72 , 짙 9.26 , 짙 10.15 , 짙 11.05 , 짙 11.05 , 짙 14.20 , 짙 14.20 , 짙 16.00 , 짙 16.00 , 짙 16.00 , 짙 16.00 , 짙 16.00 , 짙 16.00 , 짙 20.93 , 짙 20.93 , 짙 20.93 , 짙 20.93 , 짙 27.69 , 짙 36.37 , 짙 39.72 , 짙 65.88 
Portugal - Portuguese Islands,DDP Courier, 짙 23.80 , 짙 26.20 , 짙 26.93 , 짙 31.47 , 짙 31.47 , 짙 36.13 , 짙 45.44 , 짙 45.44 , 짙 -   , 짙 -   , 짙 -   , 짙 -   , 짙 -   , 짙 -   , 짙 -   , 짙 -   , 짙 -   , 짙 -   , 짙 -   , 짙 -   , 짙 -   , 짙 -   , 짙 -   , 짙 -   , 짙 -   , 짙 -   , 짙 -   , 짙 -   
Romania,DDP Courier, 짙 8.97 , 짙 8.97 , 짙 9.66 , 짙 9.66 , 짙 9.82 , 짙 9.82 , 짙 9.82 , 짙 9.82 , 짙 10.88 , 짙 10.88 , 짙 10.88 , 짙 10.88 , 짙 10.88 , 짙 10.88 , 짙 14.82 , 짙 14.82 , 짙 14.82 , 짙 14.82 , 짙 14.82 , 짙 14.82 , 짙 14.82 , 짙 14.82 , 짙 14.82 , 짙 14.82 , 짙 21.90 , 짙 21.90 , 짙 24.99 , 짙 24.99 
Slovakia,DDP Courier, 짙 7.58 , 짙 7.58 , 짙 8.27 , 짙 8.27 , 짙 8.27 , 짙 8.27 , 짙 8.27 , 짙 8.27 , 짙 9.66 , 짙 9.66 , 짙 9.66 , 짙 9.66 , 짙 9.66 , 짙 9.66 , 짙 12.81 , 짙 12.81 , 짙 12.81 , 짙 12.81 , 짙 12.81 , 짙 12.81 , 짙 12.81 , 짙 12.81 , 짙 12.81 , 짙 12.81 , 짙 19.77 , 짙 19.77 , 짙 22.86 , 짙 22.86 
Slovenia,DDP Courier, 짙 11.02 , 짙 11.02 , 짙 11.69 , 짙 11.69 , 짙 12.78 , 짙 12.78 , 짙 12.78 , 짙 12.78 , 짙 13.27 , 짙 13.27 , 짙 13.27 , 짙 13.27 , 짙 13.27 , 짙 13.27 , 짙 16.68 , 짙 16.68 , 짙 16.68 , 짙 16.68 , 짙 16.68 , 짙 16.68 , 짙 16.68 , 짙 16.68 , 짙 16.68 , 짙 16.68 , 짙 23.66 , 짙 23.66 , 짙 26.75 , 짙 26.75 
Spain,DDP Courier, 짙 6.30 , 짙 6.30 , 짙 7.06 , 짙 7.18 , 짙 7.18 , 짙 7.18 , 짙 7.99 , 짙 7.99 , 짙 8.54 , 짙 8.87 , 짙 9.14 , 짙 9.14 , 짙 10.84 , 짙 10.84 , 짙 12.70 , 짙 12.70 , 짙 12.70 , 짙 12.70 , 짙 12.70 , 짙 12.70 , 짙 14.38 , 짙 14.38 , 짙 14.38 , 짙 14.38 , 짙 19.91 , 짙 25.80 , 짙 29.27 , 짙 53.73 
Spain - Balearic Islands,DDP Courier, 짙 7.67 , 짙 7.67 , 짙 8.43 , 짙 8.43 , 짙 8.43 , 짙 8.43 , 짙 9.55 , 짙 9.55 , 짙 10.11 , 짙 11.12 , 짙 12.14 , 짙 12.14 , 짙 14.11 , 짙 14.11 , 짙 15.97 , 짙 15.97 , 짙 15.97 , 짙 15.97 , 짙 15.97 , 짙 15.97 , 짙 19.99 , 짙 19.99 , 짙 19.99 , 짙 19.99 , 짙 28.45 , 짙 39.61 ,,
Spain - Canary Islands,DDP Courier, 짙 14.27 , 짙 14.27 , 짙 15.03 , 짙 17.20 , 짙 17.20 , 짙 17.20 , 짙 22.14 , 짙 22.14 , 짙 22.69 , 짙 27.51 , 짙 32.31 , 짙 32.31 , 짙 46.92 , 짙 46.92 , 짙 48.79 , 짙 48.79 , 짙 48.79 , 짙 48.79 , 짙 48.79 , 짙 48.79 , 짙 72.99 , 짙 72.99 , 짙 72.99 , 짙 72.99 , 짙 98.63 , 짙 132.45 ,,
Sweden,DDP Shop, 짙 7.27 , 짙 7.27 , 짙 8.14 , 짙 8.14 , 짙 8.14 , 짙 8.79 , 짙 8.79 , 짙 8.79 , 짙 9.42 , 짙 10.75 , 짙 10.75 , 짙 10.75 , 짙 10.75 , 짙 11.88 , 짙 13.99 , 짙 13.99 , 짙 13.99 , 짙 13.99 , 짙 14.93 , 짙 14.93 , 짙 14.93 , 짙 14.93 , 짙 14.93 , 짙 17.68 , 짙 22.66 , 짙 22.66 ,,
Afghanistan,DDU Courier, 짙 32.62 , 짙 32.68 , 짙 33.01 , 짙 33.07 , 짙 33.13 , 짙 33.20 , 짙 33.26 , 짙 33.32 , 짙 33.63 , 짙 33.75 , 짙 33.87 , 짙 34.01 , 짙 34.13 , 짙 34.25 , 짙 35.04 , 짙 35.16 , 짙 35.28 , 짙 35.40 , 짙 35.52 , 짙 35.63 , 짙 35.75 , 짙 35.89 , 짙 36.01 , 짙 36.13 , 짙 37.87 , 짙 39.10 ,,
Aland Islands,DDU Courier, 짙 36.56 , 짙 37.47 , 짙 38.69 , 짙 39.61 , 짙 40.53 , 짙 41.44 , 짙 42.37 , 짙 43.28 , 짙 45.34 , 짙 47.17 , 짙 49.01 , 짙 50.85 , 짙 52.68 , 짙 54.52 , 짙 57.09 , 짙 58.92 , 짙 60.74 , 짙 62.58 , 짙 64.42 , 짙 66.25 , 짙 68.09 , 짙 69.93 , 짙 71.76 , 짙 73.60 , 짙 92.54 , 짙 110.89 ,,
Albania,DDU Courier, 짙 24.26 , 짙 25.32 , 짙 26.53 , 짙 27.59 , 짙 28.65 , 짙 29.71 , 짙 30.77 , 짙 31.83 , 짙 34.07 , 짙 36.19 , 짙 38.31 , 짙 40.43 , 짙 42.55 , 짙 44.67 , 짙 47.14 , 짙 49.26 , 짙 51.40 , 짙 53.52 , 짙 55.64 , 짙 57.76 , 짙 59.88 , 짙 62.00 , 짙 64.12 , 짙 66.24 , 짙 87.74 , 짙 108.95 ,,
Algeria,DDU Courier, 짙 26.21 , 짙 27.13 , 짙 28.19 , 짙 29.10 , 짙 30.01 , 짙 30.90 , 짙 31.81 , 짙 32.72 , 짙 34.65 , 짙 36.46 , 짙 38.28 , 짙 40.08 , 짙 41.89 , 짙 43.71 , 짙 45.92 , 짙 47.73 , 짙 49.53 , 짙 51.35 , 짙 53.16 , 짙 54.97 , 짙 56.79 , 짙 58.59 , 짙 60.40 , 짙 62.22 , 짙 80.64 , 짙 98.77 ,,
Andorra,DDU Courier, 짙 28.81 , 짙 29.41 , 짙 30.28 , 짙 30.86 , 짙 31.45 , 짙 32.04 , 짙 32.62 , 짙 33.22 , 짙 34.59 , 짙 35.77 , 짙 36.95 , 짙 38.13 , 짙 39.29 , 짙 40.47 , 짙 42.34 , 짙 43.52 , 짙 44.70 , 짙 45.88 , 짙 47.04 , 짙 48.22 , 짙 49.40 , 짙 50.58 , 짙 51.74 , 짙 52.92 , 짙 65.24 , 짙 76.99 ,,
Angola,DDU Courier, 짙 15.91 , 짙 17.20 , 짙 18.63 , 짙 19.91 , 짙 21.20 , 짙 22.47 , 짙 23.75 , 짙 25.04 , 짙 27.71 , 짙 30.26 , 짙 32.83 , 짙 35.38 , 짙 37.95 , 짙 40.50 , 짙 43.46 , 짙 46.01 , 짙 48.56 , 짙 51.13 , 짙 53.68 , 짙 56.25 , 짙 58.80 , 짙 61.37 , 짙 63.92 , 짙 66.48 , 짙 92.38 , 짙 117.98 ,,
Anguilla,DDU Courier, 짙 30.50 , 짙 40.96 , 짙 51.70 , 짙 62.16 , 짙 72.64 , 짙 83.11 , 짙 93.57 , 짙 104.04 , 짙 125.18 , 짙 146.12 , 짙 167.05 , 짙 188.00 , 짙 208.93 , 짙 229.87 , 짙 251.47 , 짙 272.40 , 짙 293.33 , 짙 314.28 , 짙 335.21 , 짙 356.15 , 짙 377.08 , 짙 398.03 , 짙 418.96 , 짙 439.90 , 짙 649.80 , 짙 859.17 ,,
Antigua and Barbuda,DDU Courier, 짙 22.50 , 짙 25.36 , 짙 28.50 , 짙 31.36 , 짙 34.23 , 짙 37.10 , 짙 39.98 , 짙 42.85 , 짙 48.77 , 짙 54.52 , 짙 60.25 , 짙 65.98 , 짙 71.72 , 짙 77.45 , 짙 83.85 , 짙 89.59 , 짙 95.33 , 짙 101.07 , 짙 106.80 , 짙 112.53 , 짙 118.28 , 짙 124.01 , 짙 129.74 , 짙 135.48 , 짙 193.37 , 짙 250.74 ,,
Argentina,DDU Courier, 짙 20.14 , 짙 22.24 , 짙 24.50 , 짙 26.60 , 짙 28.71 , 짙 30.80 , 짙 32.90 , 짙 35.01 , 짙 39.32 , 짙 43.52 , 짙 47.73 , 짙 51.92 , 짙 56.12 , 짙 60.33 , 짙 64.91 , 짙 69.10 , 짙 73.30 , 짙 77.51 , 짙 81.70 , 짙 85.91 , 짙 90.11 , 짙 94.30 , 짙 98.51 , 짙 102.71 , 짙 145.03 , 짙 187.03 ,,
Armenia,DDU Courier, 짙 7.99 , 짙 10.45 , 짙 13.08 , 짙 15.54 , 짙 18.00 , 짙 20.47 , 짙 22.95 , 짙 25.41 , 짙 42.79 , 짙 46.43 , 짙 50.09 , 짙 53.73 , 짙 57.37 , 짙 61.01 , 짙 65.06 , 짙 68.72 , 짙 72.36 , 짙 76.00 , 짙 79.64 , 짙 83.30 , 짙 86.94 , 짙 90.59 , 짙 94.23 , 짙 97.89 , 짙 134.66 , 짙 171.13 ,,
Aruba,DDU Courier, 짙 32.96 , 짙 34.22 , 짙 35.63 , 짙 36.87 , 짙 38.13 , 짙 39.38 , 짙 40.62 , 짙 41.87 , 짙 44.50 , 짙 47.00 , 짙 49.49 , 짙 52.00 , 짙 54.49 , 짙 57.00 , 짙 59.91 , 짙 62.40 , 짙 64.89 , 짙 67.40 , 짙 69.90 , 짙 72.39 , 짙 74.90 , 짙 77.39 , 짙 79.90 , 짙 82.39 , 짙 107.71 , 짙 132.69 ,,
Australia,Commercial, 짙 8.00 , 짙 9.76 , 짙 11.78 , 짙 13.54 , 짙 15.76 , 짙 17.51 , 짙 19.27 , 짙 21.03 , 짙 24.80 , 짙 28.30 , 짙 32.07 , 짙 35.57 , 짙 39.62 , 짙 43.13 , 짙 48.52 , 짙 52.03 , 짙 55.55 , 짙 59.06 , 짙 62.57 , 짙 66.09 , 짙 69.60 , 짙 73.12 , 짙 76.63 , 짙 80.14 , 짙 115.55 , 짙 150.69 , 짙 -   , 짙 -   
Australia,Postal, 짙 12.54 , 짙 16.03 , 짙 19.68 , 짙 23.17 , 짙 26.66 , 짙 30.16 , 짙 33.65 , 짙 37.14 , 짙 54.19 , 짙 58.37 , 짙 62.54 , 짙 66.72 , 짙 70.88 , 짙 75.05 , 짙 79.57 , 짙 83.75 , 짙 87.91 , 짙 92.09 , 짙 96.26 , 짙 100.42 , 짙 104.60 , 짙 108.77 , 짙 112.95 , 짙 117.11 , 짙 159.11 , 짙 200.82 , 짙 -   , 짙 -   
Azerbaijan,DDU Courier, 짙 28.45 , 짙 29.72 , 짙 31.17 , 짙 32.44 , 짙 33.72 , 짙 35.01 , 짙 36.29 , 짙 37.56 , 짙 40.25 , 짙 42.80 , 짙 45.35 , 짙 47.92 , 짙 50.47 , 짙 53.04 , 짙 55.98 , 짙 58.53 , 짙 61.10 , 짙 63.66 , 짙 66.22 , 짙 68.78 , 짙 71.34 , 짙 73.90 , 짙 76.45 , 짙 79.02 , 짙 104.92 , 짙 130.51 ,,
Bahamas,DDU Courier, 짙 32.35 , 짙 34.95 , 짙 37.81 , 짙 40.41 , 짙 43.01 , 짙 45.62 , 짙 48.22 , 짙 50.83 , 짙 56.22 , 짙 61.43 , 짙 66.63 , 짙 71.84 , 짙 77.05 , 짙 82.26 , 짙 88.08 , 짙 93.29 , 짙 98.50 , 짙 103.71 , 짙 108.90 , 짙 114.11 , 짙 119.32 , 짙 124.53 , 짙 129.74 , 짙 134.94 , 짙 187.52 , 짙 239.57 ,,
Bahrain,DDP Courier, 짙 11.41 , 짙 12.35 , 짙 13.42 , 짙 14.36 , 짙 15.30 , 짙 16.24 , 짙 17.17 , 짙 18.11 , 짙 20.08 , 짙 21.96 , 짙 23.83 , 짙 25.71 , 짙 27.57 , 짙 29.45 , 짙 32.95 , 짙 34.83 , 짙 37.98 , 짙 39.86 , 짙 43.01 , 짙 44.88 , 짙 48.04 , 짙 49.91 , 짙 53.06 , 짙 54.94 , 짙 80.35 , 짙 105.49 ,,
Bahrain,DDU Courier, 짙 11.41 , 짙 12.35 , 짙 13.42 , 짙 14.36 , 짙 15.30 , 짙 16.24 , 짙 17.17 , 짙 18.11 , 짙 20.08 , 짙 21.96 , 짙 23.83 , 짙 25.71 , 짙 27.57 , 짙 29.45 , 짙 32.95 , 짙 34.83 , 짙 37.98 , 짙 39.86 , 짙 43.01 , 짙 44.88 , 짙 48.04 , 짙 49.91 , 짙 53.06 , 짙 54.94 , 짙 80.35 , 짙 105.49 ,,
Bangladesh,DDU Courier, 짙 21.12 , 짙 22.08 , 짙 23.21 , 짙 24.17 , 짙 25.12 , 짙 26.08 , 짙 27.04 , 짙 27.99 , 짙 30.04 , 짙 31.95 , 짙 33.87 , 짙 35.78 , 짙 37.69 , 짙 39.62 , 짙 41.93 , 짙 43.85 , 짙 45.76 , 짙 47.68 , 짙 49.59 , 짙 51.52 , 짙 53.43 , 짙 55.34 , 짙 57.27 , 짙 59.18 , 짙 78.66 , 짙 97.83 ,,
Barbados,DDU Courier, 짙 24.32 , 짙 25.90 , 짙 27.63 , 짙 29.22 , 짙 30.78 , 짙 32.37 , 짙 33.95 , 짙 35.52 , 짙 38.80 , 짙 41.95 , 짙 45.10 , 짙 48.26 , 짙 51.41 , 짙 54.56 , 짙 58.12 , 짙 61.28 , 짙 64.43 , 짙 67.58 , 짙 70.75 , 짙 73.90 , 짙 77.05 , 짙 80.21 , 짙 83.36 , 짙 86.51 , 짙 118.38 , 짙 149.93 ,,
Belarus,DDU Courier, 짙 10.64 , 짙 16.00 , 짙 21.63 , 짙 26.99 , 짙 32.35 , 짙 37.69 , 짙 40.34 , 짙 42.28 , 짙 46.34 , 짙 50.20 , 짙 54.06 , 짙 57.92 , 짙 61.79 , 짙 65.66 , 짙 70.16 , 짙 74.03 , 짙 77.90 , 짙 81.75 , 짙 85.62 , 짙 89.48 , 짙 93.35 , 짙 97.21 , 짙 101.08 , 짙 104.95 , 짙 144.11 , 짙 182.76 ,,
Belize,DDU Courier, 짙 30.71 , 짙 33.16 , 짙 35.87 , 짙 38.32 , 짙 40.77 , 짙 43.23 , 짙 45.68 , 짙 48.13 , 짙 53.22 , 짙 58.13 , 짙 63.03 , 짙 67.94 , 짙 72.84 , 짙 77.75 , 짙 83.27 , 짙 88.18 , 짙 93.08 , 짙 97.99 , 짙 102.90 , 짙 107.80 , 짙 112.71 , 짙 117.61 , 짙 122.52 , 짙 127.42 , 짙 176.96 , 짙 226.02 ,,
Benin,DDU Courier, 짙 31.28 , 짙 32.71 , 짙 34.32 , 짙 35.75 , 짙 37.20 , 짙 38.64 , 짙 40.08 , 짙 41.52 , 짙 44.53 , 짙 47.40 , 짙 50.28 , 짙 53.16 , 짙 56.04 , 짙 58.92 , 짙 62.22 , 짙 65.10 , 짙 67.98 , 짙 70.87 , 짙 73.75 , 짙 76.63 , 짙 79.49 , 짙 82.38 , 짙 85.26 , 짙 88.14 , 짙 117.26 , 짙 146.06 ,,
Bermuda,DDU Courier, 짙 24.86 , 짙 27.10 , 짙 29.59 , 짙 31.83 , 짙 34.07 , 짙 36.31 , 짙 38.55 , 짙 40.78 , 짙 45.46 , 짙 49.94 , 짙 54.41 , 짙 58.89 , 짙 63.37 , 짙 67.85 , 짙 72.96 , 짙 77.43 , 짙 81.93 , 짙 86.41 , 짙 90.89 , 짙 95.36 , 짙 99.84 , 짙 104.32 , 짙 108.80 , 짙 113.28 , 짙 158.59 , 짙 203.39 ,,
Bhutan,DDU Courier, 짙 30.66 , 짙 30.71 , 짙 31.02 , 짙 31.08 , 짙 31.13 , 짙 31.19 , 짙 31.23 , 짙 31.29 , 짙 31.57 , 짙 31.69 , 짙 31.80 , 짙 31.90 , 짙 32.01 , 짙 32.11 , 짙 32.84 , 짙 32.95 , 짙 33.05 , 짙 33.16 , 짙 33.26 , 짙 33.37 , 짙 33.48 , 짙 33.59 , 짙 33.69 , 짙 33.80 , 짙 35.35 , 짙 36.41 ,,
Bolivia,DDU Courier, 짙 29.14 , 짙 32.38 , 짙 35.87 , 짙 39.10 , 짙 42.34 , 짙 45.58 , 짙 48.82 , 짙 52.06 , 짙 58.71 , 짙 65.18 , 짙 71.66 , 짙 78.12 , 짙 84.60 , 짙 91.06 , 짙 98.16 , 짙 104.63 , 짙 111.11 , 짙 117.58 , 짙 124.06 , 짙 130.52 , 짙 137.00 , 짙 143.46 , 짙 149.94 , 짙 156.41 , 짙 221.63 , 짙 286.34 ,,
"Bonaire, Sint Eustatius and Saba",DDU Courier, 짙 31.68 , 짙 33.75 , 짙 36.13 , 짙 38.20 , 짙 40.26 , 짙 42.34 , 짙 44.41 , 짙 46.49 , 짙 50.86 , 짙 55.01 , 짙 59.16 , 짙 63.31 , 짙 67.46 , 짙 71.61 , 짙 76.49 , 짙 80.64 , 짙 84.78 , 짙 88.93 , 짙 93.08 , 짙 97.23 , 짙 101.38 , 짙 105.53 , 짙 109.68 , 짙 113.83 , 짙 155.90 , 짙 197.40 ,,
Bosnia and Herzegovina,DDU Courier, 짙 22.36 , 짙 23.36 , 짙 24.53 , 짙 25.54 , 짙 26.54 , 짙 27.56 , 짙 28.56 , 짙 29.57 , 짙 31.69 , 짙 33.71 , 짙 35.72 , 짙 37.74 , 짙 39.75 , 짙 41.77 , 짙 44.16 , 짙 46.17 , 짙 48.19 , 짙 50.20 , 짙 52.22 , 짙 54.24 , 짙 56.25 , 짙 58.27 , 짙 60.28 , 짙 62.30 , 짙 82.75 , 짙 102.90 ,,
Botswana,DDU Courier, 짙 28.48 , 짙 29.78 , 짙 31.26 , 짙 32.56 , 짙 33.87 , 짙 35.19 , 짙 36.49 , 짙 37.80 , 짙 40.53 , 짙 43.14 , 짙 45.77 , 짙 48.38 , 짙 51.00 , 짙 53.62 , 짙 56.62 , 짙 59.24 , 짙 61.86 , 짙 64.48 , 짙 67.09 , 짙 69.72 , 짙 72.33 , 짙 74.94 , 짙 77.57 , 짙 80.18 , 짙 106.66 , 짙 132.83 ,,
Brazil,DDU Courier, 짙 10.57 , 짙 12.91 , 짙 15.41 , 짙 17.75 , 짙 20.09 , 짙 22.42 , 짙 24.77 , 짙 27.11 , 짙 42.49 , 짙 44.85 , 짙 47.19 , 짙 49.53 , 짙 51.89 , 짙 54.24 , 짙 56.98 , 짙 59.33 , 짙 61.68 , 짙 64.03 , 짙 66.37 , 짙 68.73 , 짙 71.07 , 짙 73.42 , 짙 75.78 , 짙 78.12 , 짙 101.93 , 짙 125.41 ,,
Brunei Darussalam,DDU Courier, 짙 22.54 , 짙 25.30 , 짙 28.35 , 짙 31.11 , 짙 33.87 , 짙 36.65 , 짙 39.41 , 짙 42.17 , 짙 47.91 , 짙 53.44 , 짙 58.98 , 짙 64.51 , 짙 70.04 , 짙 75.58 , 짙 81.76 , 짙 87.30 , 짙 92.84 , 짙 98.36 , 짙 103.90 , 짙 109.44 , 짙 114.96 , 짙 120.50 , 짙 126.04 , 짙 131.58 , 짙 187.44 , 짙 242.78 ,,
Burkina Faso,DDU Courier, 짙 27.05 , 짙 29.05 , 짙 31.34 , 짙 33.34 , 짙 35.34 , 짙 37.34 , 짙 39.34 , 짙 41.35 , 짙 45.55 , 짙 49.56 , 짙 53.56 , 짙 57.56 , 짙 61.58 , 짙 65.58 , 짙 70.25 , 짙 74.27 , 짙 78.27 , 짙 82.27 , 짙 86.29 , 짙 90.29 , 짙 94.29 , 짙 98.30 , 짙 102.31 , 짙 106.32 , 짙 146.91 , 짙 186.98 ,,
Burundi,DDU Courier, 짙 36.62 , 짙 37.87 , 짙 39.31 , 짙 40.56 , 짙 41.81 , 짙 43.08 , 짙 44.34 , 짙 45.59 , 짙 48.23 , 짙 50.76 , 짙 53.27 , 짙 55.79 , 짙 58.31 , 짙 60.82 , 짙 63.76 , 짙 66.28 , 짙 68.79 , 짙 71.31 , 짙 73.84 , 짙 76.34 , 짙 78.87 , 짙 81.38 , 짙 83.90 , 짙 86.41 , 짙 111.92 , 짙 137.09 ,,
Cabo Verde,DDU Courier, 짙 31.69 , 짙 35.83 , 짙 40.25 , 짙 44.38 , 짙 48.53 , 짙 52.67 , 짙 56.82 , 짙 60.95 , 짙 69.43 , 짙 77.72 , 짙 86.00 , 짙 94.29 , 짙 102.56 , 짙 110.84 , 짙 119.80 , 짙 128.07 , 짙 136.36 , 짙 144.64 , 짙 152.93 , 짙 161.21 , 짙 169.48 , 짙 177.77 , 짙 186.05 , 짙 194.34 , 짙 277.70 , 짙 360.53 ,,
Cambodia,DDU Courier, 짙 10.75 , 짙 14.42 , 짙 18.38 , 짙 22.05 , 짙 25.72 , 짙 29.39 , 짙 33.07 , 짙 36.74 , 짙 47.64 , 짙 52.34 , 짙 57.06 , 짙 61.77 , 짙 66.48 , 짙 71.19 , 짙 76.61 , 짙 81.33 , 짙 86.05 , 짙 90.75 , 짙 95.47 , 짙 100.19 , 짙 104.89 , 짙 109.61 , 짙 114.32 , 짙 119.03 , 짙 166.72 , 짙 213.85 ,,
Cameroon,DDU Courier, 짙 25.98 , 짙 27.29 , 짙 28.75 , 짙 30.07 , 짙 31.36 , 짙 32.68 , 짙 33.99 , 짙 35.29 , 짙 38.02 , 짙 40.65 , 짙 43.26 , 짙 45.88 , 짙 48.50 , 짙 51.12 , 짙 54.12 , 짙 56.74 , 짙 59.36 , 짙 61.97 , 짙 64.60 , 짙 67.21 , 짙 69.82 , 짙 72.45 , 짙 75.06 , 짙 77.67 , 짙 104.16 , 짙 130.33 ,,
Canada,DDU Courier, 짙 9.12 , 짙 11.36 , 짙 13.59 , 짙 15.82 , 짙 18.06 , 짙 20.30 , 짙 22.53 , 짙 24.77 , 짙 35.80 , 짙 39.70 , 짙 43.61 , 짙 47.52 , 짙 51.43 , 짙 55.34 , 짙 59.27 , 짙 63.15 , 짙 67.07 , 짙 70.99 , 짙 74.90 , 짙 78.79 , 짙 82.72 , 짙 86.62 , 짙 90.54 , 짙 94.44 , 짙 133.55 , 짙 172.65 ,,
Cayman Islands,DDU Courier, 짙 30.65 , 짙 32.98 , 짙 35.57 , 짙 37.89 , 짙 40.22 , 짙 42.55 , 짙 44.88 , 짙 47.19 , 짙 52.04 , 짙 56.68 , 짙 61.34 , 짙 65.98 , 짙 70.64 , 짙 75.30 , 짙 80.58 , 짙 85.24 , 짙 89.88 , 짙 94.54 , 짙 99.19 , 짙 103.84 , 짙 108.49 , 짙 113.14 , 짙 117.79 , 짙 122.44 , 짙 169.47 , 짙 215.97 ,,
Central African Republic,DDU Courier, 짙 30.72 , 짙 33.41 , 짙 36.38 , 짙 39.07 , 짙 41.77 , 짙 44.46 , 짙 47.14 , 짙 49.83 , 짙 55.43 , 짙 60.80 , 짙 66.18 , 짙 71.57 , 짙 76.94 , 짙 82.33 , 짙 88.41 , 짙 93.78 , 짙 99.16 , 짙 104.54 , 짙 109.92 , 짙 115.31 , 짙 120.68 , 짙 126.07 , 짙 131.45 , 짙 136.82 , 짙 191.19 , 짙 244.99 ,,
Chad,DDU Courier, 짙 28.81 , 짙 30.44 , 짙 32.25 , 짙 33.89 , 짙 35.52 , 짙 37.16 , 짙 38.80 , 짙 40.43 , 짙 43.83 , 짙 47.10 , 짙 50.38 , 짙 53.65 , 짙 56.94 , 짙 60.21 , 짙 63.88 , 짙 67.15 , 짙 70.43 , 짙 73.70 , 짙 76.99 , 짙 80.26 , 짙 83.54 , 짙 86.81 , 짙 90.08 , 짙 93.36 , 짙 126.45 , 짙 159.20 ,,
Chile,DDU Courier, 짙 10.94 , 짙 14.90 , 짙 19.02 , 짙 22.98 , 짙 26.93 , 짙 30.90 , 짙 34.86 , 짙 38.81 , 짙 59.89 , 짙 65.85 , 짙 71.81 , 짙 77.78 , 짙 83.73 , 짙 89.71 , 짙 96.07 , 짙 102.02 , 짙 107.99 , 짙 113.95 , 짙 119.92 , 짙 125.88 , 짙 131.85 , 짙 137.81 , 짙 143.76 , 짙 149.73 , 짙 209.69 , 짙 269.31 ,,
China,DDU Courier, 짙 8.58 , 짙 10.24 , 짙 12.05 , 짙 13.70 , 짙 15.36 , 짙 17.02 , 짙 18.68 , 짙 20.33 , 짙 23.26 , 짙 25.92 , 짙 28.57 , 짙 31.22 , 짙 33.87 , 짙 36.52 , 짙 39.56 , 짙 42.20 , 짙 44.86 , 짙 47.50 , 짙 50.16 , 짙 52.80 , 짙 55.46 , 짙 58.12 , 짙 60.76 , 짙 63.42 , 짙 90.23 , 짙 116.74 ,,
Colombia,DDU Courier, 짙 20.93 , 짙 22.39 , 짙 24.03 , 짙 25.50 , 짙 26.98 , 짙 28.45 , 짙 29.93 , 짙 31.39 , 짙 34.46 , 짙 37.41 , 짙 40.35 , 짙 43.31 , 짙 46.25 , 짙 49.19 , 짙 52.53 , 짙 55.47 , 짙 58.43 , 짙 61.37 , 짙 64.31 , 짙 67.27 , 짙 70.21 , 짙 73.16 , 짙 76.11 , 짙 79.05 , 짙 108.83 , 짙 138.30 ,,
Comoros,DDU Courier, 짙 24.59 , 짙 24.65 , 짙 24.98 , 짙 25.04 , 짙 25.09 , 짙 25.17 , 짙 25.23 , 짙 25.29 , 짙 25.60 , 짙 25.72 , 짙 25.86 , 짙 25.98 , 짙 26.10 , 짙 26.21 , 짙 27.01 , 짙 27.13 , 짙 27.24 , 짙 27.36 , 짙 27.48 , 짙 27.60 , 짙 27.74 , 짙 27.86 , 짙 27.98 , 짙 28.10 , 짙 29.84 , 짙 31.07 ,,
Congo,DDU Courier, 짙 16.39 , 짙 17.59 , 짙 18.94 , 짙 20.14 , 짙 21.32 , 짙 22.51 , 짙 23.71 , 짙 24.90 , 짙 27.39 , 짙 29.78 , 짙 32.16 , 짙 34.53 , 짙 36.92 , 짙 39.29 , 짙 42.08 , 짙 44.46 , 짙 46.85 , 짙 49.22 , 짙 51.61 , 짙 53.98 , 짙 56.37 , 짙 58.74 , 짙 61.13 , 짙 63.51 , 짙 87.63 , 짙 111.44 ,,
Congo (Democratic Republic of the),DDU Courier, 짙 28.13 , 짙 29.41 , 짙 30.86 , 짙 32.16 , 짙 33.44 , 짙 34.74 , 짙 36.02 , 짙 37.32 , 짙 40.02 , 짙 42.61 , 짙 45.19 , 짙 47.77 , 짙 50.35 , 짙 52.94 , 짙 55.91 , 짙 58.49 , 짙 61.07 , 짙 63.66 , 짙 66.24 , 짙 68.82 , 짙 71.40 , 짙 73.99 , 짙 76.57 , 짙 79.15 , 짙 105.31 , 짙 131.15 ,,
Cook Islands,DDU Courier, 짙 31.95 , 짙 36.69 , 짙 41.73 , 짙 46.47 , 짙 51.22 , 짙 55.97 , 짙 60.71 , 짙 65.45 , 짙 75.15 , 짙 84.65 , 짙 94.14 , 짙 103.63 , 짙 113.13 , 짙 122.62 , 짙 132.80 , 짙 142.30 , 짙 151.78 , 짙 161.27 , 짙 170.77 , 짙 180.26 , 짙 189.76 , 짙 199.25 , 짙 208.75 , 짙 218.24 , 짙 313.72 , 짙 408.67 ,,
Costa Rica,DDU Courier, 짙 26.01 , 짙 27.14 , 짙 28.45 , 짙 29.59 , 짙 30.72 , 짙 31.87 , 짙 33.01 , 짙 34.14 , 짙 36.55 , 짙 38.83 , 짙 41.11 , 짙 43.38 , 짙 45.67 , 짙 47.95 , 짙 50.64 , 짙 52.91 , 짙 55.19 , 짙 57.47 , 짙 59.74 , 짙 62.03 , 짙 64.31 , 짙 66.58 , 짙 68.87 , 짙 71.15 , 짙 94.26 , 짙 117.07 ,,
Curacao,DDU Courier, 짙 31.25 , 짙 34.10 , 짙 37.11 , 짙 39.95 , 짙 42.80 , 짙 45.64 , 짙 48.49 , 짙 51.32 , 짙 57.15 , 짙 62.83 , 짙 68.52 , 짙 74.21 , 짙 79.90 , 짙 85.59 , 짙 91.69 , 짙 97.38 , 짙 103.07 , 짙 108.75 , 짙 114.44 , 짙 120.13 , 짙 125.82 , 짙 131.52 , 짙 137.21 , 짙 142.90 , 짙 200.12 , 짙 257.01 ,,
Djibouti,DDU Courier, 짙 30.25 , 짙 31.47 , 짙 32.86 , 짙 34.08 , 짙 35.31 , 짙 36.53 , 짙 37.75 , 짙 38.98 , 짙 41.55 , 짙 43.99 , 짙 46.44 , 짙 48.88 , 짙 51.32 , 짙 53.77 , 짙 56.64 , 짙 59.09 , 짙 61.54 , 짙 63.98 , 짙 66.42 , 짙 68.87 , 짙 71.31 , 짙 73.76 , 짙 76.21 , 짙 78.66 , 짙 103.45 , 짙 127.92 ,,
Dominica,DDU Courier, 짙 36.46 , 짙 46.38 , 짙 56.56 , 짙 66.49 , 짙 76.40 , 짙 86.33 , 짙 96.24 , 짙 106.17 , 짙 126.21 , 짙 146.05 , 짙 165.89 , 짙 185.73 , 짙 205.57 , 짙 225.42 , 짙 245.90 , 짙 265.74 , 짙 285.58 , 짙 305.42 , 짙 325.26 , 짙 345.10 , 짙 364.94 , 짙 384.78 , 짙 404.64 , 짙 424.48 , 짙 623.40 , 짙 821.83 ,,
Dominican Republic,DDU Courier, 짙 24.62 , 짙 27.53 , 짙 30.60 , 짙 33.51 , 짙 36.43 , 짙 39.34 , 짙 42.25 , 짙 45.16 , 짙 51.10 , 짙 56.92 , 짙 62.74 , 짙 68.58 , 짙 74.40 , 짙 80.23 , 짙 86.44 , 짙 92.26 , 짙 98.08 , 짙 103.90 , 짙 109.73 , 짙 115.55 , 짙 121.37 , 짙 127.21 , 짙 133.03 , 짙 138.85 , 짙 197.40 , 짙 255.64 ,,
Ecuador,DDU Courier, 짙 29.53 , 짙 32.11 , 짙 34.95 , 짙 37.52 , 짙 40.10 , 짙 42.67 , 짙 45.23 , 짙 47.82 , 짙 53.16 , 짙 58.30 , 짙 63.45 , 짙 68.60 , 짙 73.73 , 짙 78.88 , 짙 84.69 , 짙 89.84 , 짙 94.98 , 짙 100.13 , 짙 105.28 , 짙 110.41 , 짙 115.56 , 짙 120.71 , 짙 125.85 , 짙 131.00 , 짙 182.98 , 짙 234.44 ,,
Egypt,DDU Courier, 짙 23.72 , 짙 24.39 , 짙 25.24 , 짙 25.93 , 짙 26.60 , 짙 27.29 , 짙 27.98 , 짙 28.65 , 짙 30.13 , 짙 31.50 , 짙 32.86 , 짙 34.22 , 짙 35.57 , 짙 36.95 , 짙 38.71 , 짙 40.07 , 짙 41.43 , 짙 42.79 , 짙 44.16 , 짙 45.52 , 짙 46.88 , 짙 48.23 , 짙 49.61 , 짙 50.97 , 짙 64.91 , 짙 78.52 ,,
El Salvador,DDU Courier, 짙 33.74 , 짙 36.44 , 짙 39.32 , 짙 42.04 , 짙 44.74 , 짙 47.46 , 짙 50.16 , 짙 52.88 , 짙 58.42 , 짙 63.83 , 짙 69.25 , 짙 74.67 , 짙 80.09 , 짙 85.51 , 짙 91.35 , 짙 96.77 , 짙 102.19 , 짙 107.61 , 짙 113.02 , 짙 118.44 , 짙 123.86 , 짙 129.28 , 짙 134.70 , 짙 140.12 , 짙 194.65 , 짙 248.84 ,,
Equatorial Guinea,DDU Courier, 짙 16.27 , 짙 17.91 , 짙 19.71 , 짙 21.35 , 짙 22.99 , 짙 24.63 , 짙 26.26 , 짙 27.90 , 짙 31.29 , 짙 34.57 , 짙 37.84 , 짙 41.13 , 짙 44.40 , 짙 47.68 , 짙 51.34 , 짙 54.62 , 짙 57.89 , 짙 61.18 , 짙 64.45 , 짙 67.73 , 짙 71.00 , 짙 74.27 , 짙 77.55 , 짙 80.82 , 짙 113.91 , 짙 146.67 ,,
Eritrea,DDU Courier, 짙 31.16 , 짙 32.50 , 짙 34.01 , 짙 35.34 , 짙 36.66 , 짙 37.99 , 짙 39.34 , 짙 40.67 , 짙 43.46 , 짙 46.13 , 짙 48.79 , 짙 51.46 , 짙 54.12 , 짙 56.79 , 짙 59.88 , 짙 62.55 , 짙 65.21 , 짙 67.88 , 짙 70.54 , 짙 73.21 , 짙 75.88 , 짙 78.54 , 짙 81.21 , 짙 83.87 , 짙 110.87 , 짙 137.54 ,,
Ethiopia,DDU Courier, 짙 30.77 , 짙 31.86 , 짙 33.10 , 짙 34.17 , 짙 35.25 , 짙 36.34 , 짙 37.41 , 짙 38.50 , 짙 40.77 , 짙 42.93 , 짙 45.10 , 짙 47.26 , 짙 49.41 , 짙 51.58 , 짙 54.13 , 짙 56.30 , 짙 58.46 , 짙 60.61 , 짙 62.77 , 짙 64.94 , 짙 67.10 , 짙 69.27 , 짙 71.42 , 짙 73.58 , 짙 95.51 , 짙 117.13 ,,
Falkland Islands (Malvinas),DDU Courier, 짙 20.71 , 짙 21.20 , 짙 22.00 , 짙 22.50 , 짙 22.99 , 짙 23.50 , 짙 23.99 , 짙 24.48 , 짙 25.69 , 짙 26.69 , 짙 27.69 , 짙 28.68 , 짙 29.68 , 짙 30.66 , 짙 32.39 , 짙 33.40 , 짙 34.38 , 짙 35.38 , 짙 36.37 , 짙 37.37 , 짙 38.37 , 짙 39.35 , 짙 40.35 , 짙 41.34 , 짙 51.88 , 짙 61.82 ,,
Faroe Islands,DDU Courier, 짙 19.42 , 짙 27.16 , 짙 32.74 , 짙 33.51 , 짙 34.29 , 짙 35.07 , 짙 35.84 , 짙 36.62 , 짙 38.41 , 짙 39.96 , 짙 41.52 , 짙 43.08 , 짙 44.64 , 짙 46.19 , 짙 48.49 , 짙 50.04 , 짙 51.61 , 짙 53.16 , 짙 54.71 , 짙 56.28 , 짙 57.83 , 짙 59.40 , 짙 60.95 , 짙 62.51 , 짙 78.67 , 짙 94.26 ,,
Fiji,DDU Courier, 짙 25.24 , 짙 28.77 , 짙 32.56 , 짙 36.08 , 짙 39.62 , 짙 43.14 , 짙 46.67 , 짙 50.19 , 짙 57.43 , 짙 64.49 , 짙 71.54 , 짙 78.58 , 짙 85.65 , 짙 92.69 , 짙 100.38 , 짙 107.44 , 짙 114.49 , 짙 121.53 , 짙 128.59 , 짙 135.64 , 짙 142.70 , 짙 149.75 , 짙 156.79 , 짙 163.86 , 짙 234.89 , 짙 305.39 ,,
French Guiana,DDU Courier, 짙 14.66 , 짙 20.24 , 짙 26.11 , 짙 31.69 , 짙 37.28 , 짙 42.85 , 짙 48.43 , 짙 54.01 , 짙 72.43 , 짙 80.47 , 짙 88.48 , 짙 96.50 , 짙 104.53 , 짙 112.55 , 짙 121.29 , 짙 129.31 , 짙 137.34 , 짙 145.36 , 짙 153.38 , 짙 161.41 , 짙 169.42 , 짙 177.44 , 짙 185.46 , 짙 193.49 , 짙 274.28 , 짙 354.49 ,,
French Polynesia,DDU Courier, 짙 30.13 , 짙 33.40 , 짙 36.93 , 짙 40.20 , 짙 43.47 , 짙 46.74 , 짙 50.01 , 짙 53.28 , 짙 60.01 , 짙 66.57 , 짙 73.11 , 짙 79.64 , 짙 86.18 , 짙 92.72 , 짙 99.90 , 짙 106.46 , 짙 112.99 , 짙 119.53 , 짙 126.07 , 짙 132.61 , 짙 139.16 , 짙 145.70 , 짙 152.24 , 짙 158.78 , 짙 224.70 , 짙 290.12 ,,
Gabon,DDU Courier, 짙 25.59 , 짙 26.84 , 짙 28.27 , 짙 29.53 , 짙 30.78 , 짙 32.05 , 짙 33.31 , 짙 34.56 , 짙 37.20 , 짙 39.72 , 짙 42.23 , 짙 44.76 , 짙 47.28 , 짙 49.79 , 짙 52.73 , 짙 55.25 , 짙 57.76 , 짙 60.28 , 짙 62.80 , 짙 65.31 , 짙 67.84 , 짙 70.34 , 짙 72.87 , 짙 75.37 , 짙 100.89 , 짙 126.06 ,,
Gambia,DDU Courier, 짙 28.74 , 짙 30.31 , 짙 32.04 , 짙 33.60 , 짙 35.19 , 짙 36.75 , 짙 38.32 , 짙 39.89 , 짙 43.14 , 짙 46.29 , 짙 49.43 , 짙 52.56 , 짙 55.71 , 짙 58.85 , 짙 62.39 , 짙 65.52 , 짙 68.66 , 짙 71.81 , 짙 74.94 , 짙 78.09 , 짙 81.23 , 짙 84.36 , 짙 87.51 , 짙 90.65 , 짙 122.37 , 짙 153.78 ,,
Georgia,DDU Courier, 짙 28.02 , 짙 28.87 , 짙 29.89 , 짙 30.74 , 짙 31.59 , 짙 32.44 , 짙 33.31 , 짙 34.16 , 짙 35.98 , 짙 37.68 , 짙 39.38 , 짙 41.10 , 짙 42.80 , 짙 44.50 , 짙 46.59 , 짙 48.31 , 짙 50.01 , 짙 51.71 , 짙 53.43 , 짙 55.13 , 짙 56.83 , 짙 58.53 , 짙 60.25 , 짙 61.95 , 짙 79.33 , 짙 96.39 ,,
Ghana,DDU Courier, 짙 33.44 , 짙 34.28 , 짙 35.26 , 짙 36.10 , 짙 36.92 , 짙 37.75 , 짙 38.59 , 짙 39.41 , 짙 41.19 , 짙 42.86 , 짙 44.52 , 짙 46.19 , 짙 47.85 , 짙 49.50 , 짙 51.55 , 짙 53.22 , 짙 54.88 , 짙 56.53 , 짙 58.21 , 짙 59.86 , 짙 61.52 , 짙 63.19 , 짙 64.85 , 짙 66.52 , 짙 83.45 , 짙 100.08 ,,
Gibraltar,DDU Courier, 짙 9.91 , 짙 12.03 , 짙 14.33 , 짙 16.45 , 짙 18.56 , 짙 20.68 , 짙 22.80 , 짙 24.92 , 짙 38.40 , 짙 40.05 , 짙 41.70 , 짙 43.35 , 짙 45.01 , 짙 46.65 , 짙 48.74 , 짙 50.38 , 짙 52.04 , 짙 53.70 , 짙 55.36 , 짙 57.00 , 짙 58.65 , 짙 60.31 , 짙 61.95 , 짙 63.61 , 짙 80.48 , 짙 97.01 ,,
Greenland,DDU Courier, 짙 23.48 , 짙 31.65 , 짙 32.74 , 짙 33.51 , 짙 34.29 , 짙 35.07 , 짙 35.84 , 짙 36.62 , 짙 38.41 , 짙 39.96 , 짙 41.52 , 짙 43.08 , 짙 44.64 , 짙 46.19 , 짙 48.49 , 짙 50.04 , 짙 51.61 , 짙 53.16 , 짙 54.71 , 짙 56.28 , 짙 57.83 , 짙 59.40 , 짙 60.95 , 짙 62.51 , 짙 78.67 , 짙 94.26 ,,
Grenada,DDU Courier, 짙 21.17 , 짙 23.51 , 짙 26.10 , 짙 28.42 , 짙 30.77 , 짙 33.10 , 짙 35.43 , 짙 37.77 , 짙 42.62 , 짙 47.29 , 짙 51.95 , 짙 56.62 , 짙 61.30 , 짙 65.97 , 짙 71.25 , 짙 75.93 , 짙 80.58 , 짙 85.26 , 짙 89.93 , 짙 94.60 , 짙 99.26 , 짙 103.93 , 짙 108.61 , 짙 113.26 , 짙 160.45 , 짙 207.13 ,,
Guadeloupe,DDU Courier, 짙 12.35 , 짙 15.62 , 짙 19.18 , 짙 22.44 , 짙 25.71 , 짙 28.98 , 짙 32.23 , 짙 35.50 , 짙 50.44 , 짙 54.07 , 짙 57.70 , 짙 61.33 , 짙 64.94 , 짙 68.57 , 짙 72.93 , 짙 76.54 , 짙 80.17 , 짙 83.79 , 짙 87.42 , 짙 91.03 , 짙 94.66 , 짙 98.29 , 짙 101.90 , 짙 105.53 , 짙 142.34 , 짙 178.58 ,,
Guam,DDU Courier, 짙 37.17 , 짙 40.52 , 짙 44.13 , 짙 47.46 , 짙 50.80 , 짙 54.15 , 짙 57.49 , 짙 60.83 , 짙 67.85 , 짙 74.55 , 짙 81.26 , 짙 87.97 , 짙 94.68 , 짙 101.39 , 짙 108.77 , 짙 115.47 , 짙 122.19 , 짙 128.89 , 짙 135.61 , 짙 142.31 , 짙 149.02 , 짙 155.73 , 짙 162.44 , 짙 169.16 , 짙 236.78 , 짙 303.87 ,,
Guatemala,DDU Courier, 짙 17.24 , 짙 18.45 , 짙 19.83 , 짙 21.03 , 짙 22.24 , 짙 23.45 , 짙 24.65 , 짙 25.86 , 짙 28.39 , 짙 30.80 , 짙 33.22 , 짙 35.62 , 짙 38.04 , 짙 40.44 , 짙 43.28 , 짙 45.70 , 짙 48.10 , 짙 50.50 , 짙 52.92 , 짙 55.33 , 짙 57.74 , 짙 60.15 , 짙 62.57 , 짙 64.97 , 짙 89.41 , 짙 113.50 ,,
Guinea,DDU Courier, 짙 28.62 , 짙 30.29 , 짙 32.14 , 짙 33.83 , 짙 35.50 , 짙 37.19 , 짙 38.87 , 짙 40.55 , 짙 44.04 , 짙 47.40 , 짙 50.76 , 짙 54.13 , 짙 57.49 , 짙 60.85 , 짙 64.61 , 짙 67.98 , 짙 71.34 , 짙 74.70 , 짙 78.08 , 짙 81.44 , 짙 84.79 , 짙 88.17 , 짙 91.53 , 짙 94.89 , 짙 128.85 , 짙 162.48 ,,
Guinea-Bissau,DDU Courier, 짙 28.83 , 짙 31.25 , 짙 33.95 , 짙 36.37 , 짙 38.78 , 짙 41.20 , 짙 43.62 , 짙 46.04 , 짙 51.09 , 짙 55.92 , 짙 60.76 , 짙 65.60 , 짙 70.43 , 짙 75.27 , 짙 80.81 , 짙 85.65 , 짙 90.48 , 짙 95.32 , 짙 100.16 , 짙 104.99 , 짙 109.83 , 짙 114.67 , 짙 119.50 , 짙 124.35 , 짙 173.29 , 짙 221.66 ,,
Guyana,DDU Courier, 짙 42.90 , 짙 45.22 , 짙 47.83 , 짙 50.15 , 짙 52.46 , 짙 54.77 , 짙 57.09 , 짙 59.40 , 짙 64.25 , 짙 68.88 , 짙 73.49 , 짙 78.12 , 짙 82.75 , 짙 87.38 , 짙 92.74 , 짙 97.36 , 짙 101.99 , 짙 106.62 , 짙 111.25 , 짙 115.88 , 짙 120.50 , 짙 125.13 , 짙 129.76 , 짙 134.39 , 짙 181.23 , 짙 227.51 ,,
Haiti,DDU Courier, 짙 22.03 , 짙 24.75 , 짙 27.75 , 짙 30.48 , 짙 33.22 , 짙 35.95 , 짙 38.68 , 짙 41.41 , 짙 47.05 , 짙 52.52 , 짙 57.98 , 짙 63.45 , 짙 68.91 , 짙 74.37 , 짙 80.48 , 짙 85.94 , 짙 91.41 , 짙 96.86 , 짙 102.32 , 짙 107.78 , 짙 113.25 , 짙 118.71 , 짙 124.18 , 짙 129.64 , 짙 184.77 , 짙 239.39 ,,
Honduras,DDU Courier, 짙 28.44 , 짙 30.98 , 짙 33.77 , 짙 36.29 , 짙 38.83 , 짙 41.37 , 짙 43.90 , 짙 46.43 , 짙 51.68 , 짙 56.76 , 짙 61.82 , 짙 66.89 , 짙 71.96 , 짙 77.03 , 짙 82.72 , 짙 87.79 , 짙 92.86 , 짙 97.93 , 짙 102.99 , 짙 108.07 , 짙 113.13 , 짙 118.20 , 짙 123.27 , 짙 128.34 , 짙 179.52 , 짙 230.20 ,,
"Hong Kong SAR, China",DDU Courier, 짙 8.12 , 짙 10.00 , 짙 12.03 , 짙 13.91 , 짙 15.79 , 짙 17.68 , 짙 19.56 , 짙 21.44 , 짙 45.91 , 짙 47.73 , 짙 49.55 , 짙 51.37 , 짙 53.19 , 짙 55.00 , 짙 57.19 , 짙 59.01 , 짙 60.83 , 짙 62.66 , 짙 64.48 , 짙 66.30 , 짙 68.12 , 짙 69.93 , 짙 71.75 , 짙 73.57 , 짙 92.06 , 짙 110.26 ,,
Iceland,DDU Courier, 짙 11.35 , 짙 14.33 , 짙 17.48 , 짙 20.47 , 짙 23.47 , 짙 26.45 , 짙 29.44 , 짙 32.42 , 짙 39.95 , 짙 41.26 , 짙 42.56 , 짙 43.88 , 짙 45.19 , 짙 46.49 , 짙 48.19 , 짙 49.50 , 짙 50.80 , 짙 52.12 , 짙 53.43 , 짙 54.73 , 짙 56.04 , 짙 57.36 , 짙 58.65 , 짙 59.97 , 짙 73.36 , 짙 86.45 ,,
India,DDU Courier, 짙 7.79 , 짙 9.78 , 짙 11.93 , 짙 13.91 , 짙 15.90 , 짙 17.87 , 짙 19.27 , 짙 19.96 , 짙 21.47 , 짙 22.84 , 짙 24.21 , 짙 25.60 , 짙 26.98 , 짙 28.36 , 짙 30.16 , 짙 31.53 , 짙 32.90 , 짙 34.29 , 짙 35.66 , 짙 37.04 , 짙 38.43 , 짙 39.80 , 짙 41.19 , 짙 42.56 , 짙 56.68 , 짙 70.46 ,,
Indonesia,DDU Courier, 짙 9.33 , 짙 14.91 , 짙 20.65 , 짙 26.23 , 짙 27.86 , 짙 28.65 , 짙 29.44 , 짙 30.23 , 짙 31.92 , 짙 33.48 , 짙 35.07 , 짙 36.65 , 짙 38.22 , 짙 39.80 , 짙 41.74 , 짙 43.32 , 짙 44.91 , 짙 46.47 , 짙 48.06 , 짙 49.64 , 짙 51.21 , 짙 52.79 , 짙 54.35 , 짙 55.94 , 짙 72.00 , 짙 87.78 ,,
Iraq,DDU Courier, 짙 19.15 , 짙 19.87 , 짙 20.77 , 짙 21.48 , 짙 22.20 , 짙 22.93 , 짙 23.65 , 짙 24.36 , 짙 25.93 , 짙 27.38 , 짙 28.81 , 짙 30.25 , 짙 31.69 , 짙 33.13 , 짙 34.99 , 짙 36.44 , 짙 37.87 , 짙 39.32 , 짙 40.75 , 짙 42.19 , 짙 43.64 , 짙 45.07 , 짙 46.52 , 짙 47.95 , 짙 62.69 , 짙 77.09 ,,
Israel,DDP Shop, 짙 7.58 , 짙 7.58 , 짙 8.75 , 짙 9.43 , 짙 10.46 , 짙 11.17 , 짙 12.20 , 짙 12.88 , 짙 14.70 , 짙 16.44 , 짙 18.17 , 짙 19.88 , 짙 21.62 , 짙 23.35 , 짙 25.39 , 짙 27.11 , 짙 28.84 , 짙 30.57 , 짙 32.29 , 짙 34.02 , 짙 35.75 , 짙 37.47 , 짙 39.20 , 짙 40.92 , 짙 58.45 , 짙 75.72 ,,
Israel,DDU Shop, 짙 7.58 , 짙 7.58 , 짙 8.75 , 짙 9.43 , 짙 10.46 , 짙 11.17 , 짙 12.20 , 짙 12.88 , 짙 14.70 , 짙 16.44 , 짙 18.17 , 짙 19.88 , 짙 21.62 , 짙 23.35 , 짙 25.39 , 짙 27.11 , 짙 28.84 , 짙 30.57 , 짙 32.29 , 짙 34.02 , 짙 35.75 , 짙 37.47 , 짙 39.20 , 짙 40.92 , 짙 58.45 , 짙 75.72 ,,
Ivory Coast,DDU Courier, 짙 21.30 , 짙 22.93 , 짙 24.74 , 짙 26.38 , 짙 28.01 , 짙 29.65 , 짙 31.29 , 짙 32.92 , 짙 36.32 , 짙 39.59 , 짙 42.87 , 짙 46.14 , 짙 49.43 , 짙 52.70 , 짙 56.37 , 짙 59.64 , 짙 62.92 , 짙 66.19 , 짙 69.48 , 짙 72.75 , 짙 76.03 , 짙 79.30 , 짙 82.57 , 짙 85.85 , 짙 118.94 , 짙 151.69 ,,
Jamaica,DDU Courier, 짙 30.81 , 짙 33.28 , 짙 36.02 , 짙 38.50 , 짙 40.98 , 짙 43.44 , 짙 45.92 , 짙 48.40 , 짙 53.55 , 짙 58.49 , 짙 63.45 , 짙 68.40 , 짙 73.36 , 짙 78.30 , 짙 83.90 , 짙 88.85 , 짙 93.80 , 짙 98.75 , 짙 103.71 , 짙 108.67 , 짙 113.61 , 짙 118.56 , 짙 123.52 , 짙 128.46 , 짙 178.50 , 짙 228.02 ,,
Japan,DDU Courier, 짙 8.18 , 짙 10.64 , 짙 13.26 , 짙 15.72 , 짙 18.18 , 짙 20.65 , 짙 23.11 , 짙 23.95 , 짙 25.53 , 짙 27.02 , 짙 28.50 , 짙 29.99 , 짙 31.47 , 짙 32.95 , 짙 34.78 , 짙 36.28 , 짙 37.75 , 짙 39.25 , 짙 40.73 , 짙 42.20 , 짙 43.70 , 짙 45.17 , 짙 46.67 , 짙 48.14 , 짙 63.27 , 짙 78.11 , 짙 -   , 짙 -   
Jordan,DDU Courier, 짙 26.24 , 짙 26.95 , 짙 27.78 , 짙 28.48 , 짙 29.19 , 짙 29.87 , 짙 30.57 , 짙 31.26 , 짙 32.77 , 짙 34.16 , 짙 35.56 , 짙 36.95 , 짙 38.34 , 짙 39.74 , 짙 41.49 , 짙 42.89 , 짙 44.28 , 짙 45.67 , 짙 47.05 , 짙 48.46 , 짙 49.85 , 짙 51.23 , 짙 52.64 , 짙 54.03 , 짙 68.24 , 짙 82.17 , 짙 -   , 짙 -   
Kazakhstan,DDU Courier, 짙 11.82 , 짙 15.11 , 짙 18.65 , 짙 21.92 , 짙 25.18 , 짙 28.47 , 짙 31.74 , 짙 35.02 , 짙 57.22 , 짙 61.34 , 짙 65.46 , 짙 69.57 , 짙 73.69 , 짙 77.81 , 짙 82.55 , 짙 86.68 , 짙 90.80 , 짙 94.90 , 짙 99.02 , 짙 103.14 , 짙 107.25 , 짙 111.37 , 짙 115.49 , 짙 119.59 , 짙 161.27 , 짙 202.43 ,,
Kenya,DDU Courier, 짙 28.62 , 짙 29.36 , 짙 30.26 , 짙 31.01 , 짙 31.75 , 짙 32.48 , 짙 33.23 , 짙 33.98 , 짙 35.57 , 짙 37.05 , 짙 38.55 , 짙 40.02 , 짙 41.50 , 짙 42.99 , 짙 44.88 , 짙 46.35 , 짙 47.83 , 짙 49.32 , 짙 50.80 , 짙 52.28 , 짙 53.77 , 짙 55.25 , 짙 56.73 , 짙 58.22 , 짙 73.36 , 짙 88.20 ,,
Kiribati,DDU Courier, 짙 27.02 , 짙 30.74 , 짙 34.74 , 짙 38.46 , 짙 42.19 , 짙 45.91 , 짙 49.64 , 짙 53.35 , 짙 61.00 , 짙 68.45 , 짙 75.90 , 짙 83.35 , 짙 90.80 , 짙 98.24 , 짙 106.37 , 짙 113.80 , 짙 121.25 , 짙 128.70 , 짙 136.15 , 짙 143.60 , 짙 151.05 , 짙 158.50 , 짙 165.95 , 짙 173.40 , 짙 248.41 , 짙 322.89 ,,
Kosovo,DDU Courier, 짙 11.39 , 짙 17.36 , 짙 19.56 , 짙 21.05 , 짙 22.54 , 짙 24.03 , 짙 25.53 , 짙 27.02 , 짙 30.13 , 짙 33.11 , 짙 36.10 , 짙 39.08 , 짙 42.07 , 짙 45.05 , 짙 48.44 , 짙 51.43 , 짙 54.41 , 짙 57.39 , 짙 60.37 , 짙 63.36 , 짙 66.34 , 짙 69.33 , 짙 72.31 , 짙 75.30 , 짙 105.47 , 짙 135.31 ,,
Kuwait,DDP Courier, 짙 9.91 , 짙 10.76 , 짙 11.76 , 짙 12.63 , 짙 13.48 , 짙 14.33 , 짙 15.18 , 짙 16.03 , 짙 17.84 , 짙 19.56 , 짙 21.26 , 짙 22.96 , 짙 24.66 , 짙 26.36 , 짙 30.51 , 짙 32.22 , 짙 35.98 , 짙 37.68 , 짙 41.46 , 짙 43.16 , 짙 46.92 , 짙 48.64 , 짙 52.40 , 짙 54.10 , 짙 81.76 , 짙 109.13 ,,
Kuwait,DDU Courier, 짙 9.91 , 짙 10.76 , 짙 11.76 , 짙 12.63 , 짙 13.48 , 짙 14.33 , 짙 15.18 , 짙 16.03 , 짙 17.84 , 짙 19.56 , 짙 21.26 , 짙 22.96 , 짙 24.66 , 짙 26.36 , 짙 30.51 , 짙 32.22 , 짙 35.98 , 짙 37.68 , 짙 41.46 , 짙 43.16 , 짙 46.92 , 짙 48.64 , 짙 52.40 , 짙 54.10 , 짙 81.76 , 짙 109.13 ,,
Kyrgyzstan,DDU Courier, 짙 29.95 , 짙 32.01 , 짙 34.23 , 짙 36.31 , 짙 38.37 , 짙 40.43 , 짙 42.50 , 짙 44.56 , 짙 48.82 , 짙 52.94 , 짙 57.07 , 짙 61.21 , 짙 65.33 , 짙 69.46 , 짙 73.99 , 짙 78.12 , 짙 82.26 , 짙 86.38 , 짙 90.51 , 짙 94.65 , 짙 98.77 , 짙 102.90 , 짙 107.04 , 짙 111.16 , 짙 152.78 , 짙 194.09 ,,
Lao People's Democratic Republic,DDU Courier, 짙 21.42 , 짙 24.24 , 짙 27.32 , 짙 30.14 , 짙 32.95 , 짙 35.75 , 짙 38.58 , 짙 41.38 , 짙 47.20 , 짙 52.83 , 짙 58.45 , 짙 64.07 , 짙 69.70 , 짙 75.31 , 짙 81.60 , 짙 87.23 , 짙 92.86 , 짙 98.47 , 짙 104.10 , 짙 109.73 , 짙 115.34 , 짙 120.97 , 짙 126.59 , 짙 132.21 , 짙 188.98 , 짙 245.20 ,,
Lebanon,DDU Courier, 짙 11.73 , 짙 17.44 , 짙 23.32 , 짙 24.87 , 짙 25.90 , 짙 26.93 , 짙 27.96 , 짙 29.01 , 짙 31.20 , 짙 33.26 , 짙 35.34 , 짙 37.40 , 짙 39.47 , 짙 41.55 , 짙 44.02 , 짙 46.08 , 짙 48.16 , 짙 50.23 , 짙 52.29 , 짙 54.37 , 짙 56.43 , 짙 58.51 , 짙 60.58 , 짙 62.64 , 짙 83.66 , 짙 104.35 ,,
Lesotho,DDU Courier, 짙 29.27 , 짙 31.38 , 짙 33.75 , 짙 35.87 , 짙 37.98 , 짙 40.10 , 짙 42.20 , 짙 44.32 , 짙 48.73 , 짙 52.95 , 짙 57.18 , 짙 61.40 , 짙 65.63 , 짙 69.85 , 짙 74.72 , 짙 78.94 , 짙 83.17 , 짙 87.39 , 짙 91.62 , 짙 95.84 , 짙 100.07 , 짙 104.29 , 짙 108.52 , 짙 112.74 , 짙 155.50 , 짙 197.74 ,,
Liberia,DDU Courier, 짙 25.30 , 짙 27.16 , 짙 29.30 , 짙 31.17 , 짙 33.04 , 짙 34.90 , 짙 36.75 , 짙 38.62 , 짙 42.56 , 짙 46.28 , 짙 50.01 , 짙 53.73 , 짙 57.46 , 짙 61.18 , 짙 65.60 , 짙 69.33 , 짙 73.06 , 짙 76.78 , 짙 80.51 , 짙 84.23 , 짙 87.96 , 짙 91.68 , 짙 95.41 , 짙 99.14 , 짙 136.94 , 짙 174.20 ,,
Liechtenstein,DDU Courier, 짙 21.12 , 짙 21.60 , 짙 22.36 , 짙 22.84 , 짙 23.32 , 짙 23.80 , 짙 24.27 , 짙 24.75 , 짙 25.90 , 짙 26.86 , 짙 27.81 , 짙 28.77 , 짙 29.72 , 짙 30.68 , 짙 32.31 , 짙 33.26 , 짙 34.22 , 짙 35.17 , 짙 36.13 , 짙 37.08 , 짙 38.04 , 짙 38.99 , 짙 39.95 , 짙 40.90 , 짙 51.00 , 짙 60.57 ,,
"Macau SAR, China",DDU Courier, 짙 37.32 , 짙 39.32 , 짙 41.58 , 짙 43.58 , 짙 45.58 , 짙 47.58 , 짙 49.58 , 짙 51.58 , 짙 55.76 , 짙 59.76 , 짙 63.76 , 짙 67.76 , 짙 71.76 , 짙 75.76 , 짙 80.38 , 짙 84.38 , 짙 88.38 , 짙 92.38 , 짙 96.38 , 짙 100.38 , 짙 104.37 , 짙 108.37 , 짙 112.37 , 짙 116.37 , 짙 156.85 , 짙 196.85 ,,
Madagascar,DDU Courier, 짙 36.01 , 짙 37.68 , 짙 39.53 , 짙 41.22 , 짙 42.89 , 짙 44.58 , 짙 46.26 , 짙 47.94 , 짙 51.43 , 짙 54.79 , 짙 58.15 , 짙 61.52 , 짙 64.88 , 짙 68.24 , 짙 72.00 , 짙 75.37 , 짙 78.73 , 짙 82.09 , 짙 85.47 , 짙 88.83 , 짙 92.18 , 짙 95.56 , 짙 98.92 , 짙 102.28 , 짙 136.24 , 짙 169.87 ,,
Malawi,DDU Courier, 짙 24.11 , 짙 27.08 , 짙 30.25 , 짙 33.22 , 짙 36.20 , 짙 39.17 , 짙 42.16 , 짙 45.13 , 짙 51.22 , 짙 57.18 , 짙 63.13 , 짙 69.09 , 짙 75.06 , 짙 81.02 , 짙 87.39 , 짙 93.35 , 짙 99.32 , 짙 105.28 , 짙 111.23 , 짙 117.19 , 짙 123.15 , 짙 129.10 , 짙 135.06 , 짙 141.02 , 짙 200.94 , 짙 260.53 ,,
Malaysia,DDU Courier, 짙 9.52 , 짙 14.91 , 짙 20.44 , 짙 21.96 , 짙 22.95 , 짙 23.93 , 짙 24.93 , 짙 25.92 , 짙 27.99 , 짙 29.96 , 짙 31.95 , 짙 33.92 , 짙 35.90 , 짙 37.87 , 짙 40.20 , 짙 42.17 , 짙 44.14 , 짙 46.13 , 짙 48.10 , 짙 50.09 , 짙 52.06 , 짙 54.03 , 짙 56.01 , 짙 57.98 , 짙 78.02 , 짙 97.78 ,,
Maldives,DDU Courier, 짙 22.81 , 짙 23.47 , 짙 24.29 , 짙 24.95 , 짙 25.59 , 짙 26.24 , 짙 26.90 , 짙 27.56 , 짙 28.98 , 짙 30.29 , 짙 31.60 , 짙 32.90 , 짙 34.22 , 짙 35.53 , 짙 37.22 , 짙 38.53 , 짙 39.84 , 짙 41.14 , 짙 42.46 , 짙 43.77 , 짙 45.07 , 짙 46.38 , 짙 47.70 , 짙 49.00 , 짙 62.40 , 짙 75.48 ,,
Mali,DDU Courier, 짙 15.69 , 짙 17.26 , 짙 18.99 , 짙 20.57 , 짙 22.15 , 짙 23.72 , 짙 25.30 , 짙 26.87 , 짙 30.14 , 짙 33.29 , 짙 36.46 , 짙 39.61 , 짙 42.76 , 짙 45.91 , 짙 49.44 , 짙 52.59 , 짙 55.74 , 짙 58.89 , 짙 62.06 , 짙 65.21 , 짙 68.36 , 짙 71.51 , 짙 74.67 , 짙 77.82 , 짙 109.65 , 짙 141.19 ,,
Marshall Islands,DDU Courier, 짙 39.71 , 짙 43.28 , 짙 47.14 , 짙 50.73 , 짙 54.30 , 짙 57.86 , 짙 61.45 , 짙 65.01 , 짙 72.37 , 짙 79.52 , 짙 86.68 , 짙 93.83 , 짙 100.96 , 짙 108.11 , 짙 115.97 , 짙 123.12 , 짙 130.27 , 짙 137.42 , 짙 144.57 , 짙 151.70 , 짙 158.85 , 짙 166.01 , 짙 173.16 , 짙 180.31 , 짙 252.34 , 짙 323.82 ,,
Martinique,DDU Courier, 짙 13.38 , 짙 17.66 , 짙 22.26 , 짙 26.56 , 짙 30.84 , 짙 35.14 , 짙 39.43 , 짙 43.73 , 짙 60.01 , 짙 65.55 , 짙 71.07 , 짙 76.61 , 짙 82.15 , 짙 87.69 , 짙 93.96 , 짙 99.48 , 짙 105.02 , 짙 110.56 , 짙 116.10 , 짙 121.64 , 짙 127.16 , 짙 132.70 , 짙 138.24 , 짙 143.78 , 짙 199.71 , 짙 255.07 ,,
Mauritania,DDU Courier, 짙 31.11 , 짙 34.34 , 짙 37.72 , 짙 40.96 , 짙 44.19 , 짙 47.41 , 짙 50.65 , 짙 53.88 , 짙 60.46 , 짙 66.91 , 짙 73.37 , 짙 79.84 , 짙 86.29 , 짙 92.75 , 짙 99.60 , 짙 106.07 , 짙 112.53 , 짙 118.98 , 짙 125.44 , 짙 131.91 , 짙 138.36 , 짙 144.82 , 짙 151.29 , 짙 157.74 , 짙 222.64 , 짙 287.24 ,,
Mauritius,DDU Courier, 짙 22.95 , 짙 23.74 , 짙 24.68 , 짙 25.47 , 짙 26.24 , 짙 27.04 , 짙 27.81 , 짙 28.60 , 짙 30.29 , 짙 31.86 , 짙 33.43 , 짙 35.01 , 짙 36.57 , 짙 38.14 , 짙 40.10 , 짙 41.67 , 짙 43.25 , 짙 44.82 , 짙 46.38 , 짙 47.95 , 짙 49.52 , 짙 51.10 , 짙 52.67 , 짙 54.24 , 짙 70.25 , 짙 85.96 ,,
Mayotte,DDU Courier, 짙 29.11 , 짙 29.60 , 짙 30.38 , 짙 30.87 , 짙 31.36 , 짙 31.87 , 짙 32.37 , 짙 32.86 , 짙 34.05 , 짙 35.05 , 짙 36.04 , 짙 37.04 , 짙 38.04 , 짙 39.02 , 짙 40.68 , 짙 41.68 , 짙 42.67 , 짙 43.67 , 짙 44.67 , 짙 45.65 , 짙 46.65 , 짙 47.65 , 짙 48.64 , 짙 49.64 , 짙 60.12 , 짙 70.07 ,,
Mexico,DDU Courier, 짙 9.52 , 짙 12.03 , 짙 14.70 , 짙 17.21 , 짙 19.74 , 짙 22.24 , 짙 24.75 , 짙 27.26 , 짙 47.05 , 짙 49.86 , 짙 52.65 , 짙 55.44 , 짙 58.24 , 짙 61.03 , 짙 64.21 , 짙 67.00 , 짙 69.79 , 짙 72.60 , 짙 75.39 , 짙 78.18 , 짙 80.97 , 짙 83.76 , 짙 86.57 , 짙 89.36 , 짙 117.61 , 짙 145.55 ,,
Moldova,DDU Courier, 짙 28.78 , 짙 29.69 , 짙 30.75 , 짙 31.66 , 짙 32.57 , 짙 33.47 , 짙 34.38 , 짙 35.29 , 짙 37.22 , 짙 39.02 , 짙 40.84 , 짙 42.65 , 짙 44.46 , 짙 46.28 , 짙 48.49 , 짙 50.29 , 짙 52.10 , 짙 53.92 , 짙 55.73 , 짙 57.53 , 짙 59.36 , 짙 61.16 , 짙 62.97 , 짙 64.79 , 짙 83.21 , 짙 101.34 ,,
Monaco,DDU Courier, 짙 19.35 , 짙 19.51 , 짙 19.96 , 짙 20.12 , 짙 20.30 , 짙 20.47 , 짙 20.65 , 짙 20.81 , 짙 23.63 , 짙 23.98 , 짙 24.32 , 짙 24.66 , 짙 25.01 , 짙 25.35 , 짙 26.35 , 짙 26.69 , 짙 27.04 , 짙 27.38 , 짙 27.72 , 짙 28.07 , 짙 28.41 , 짙 28.75 , 짙 29.10 , 짙 29.44 , 짙 33.40 , 짙 36.83 ,,
Mongolia,DDU Courier, 짙 30.53 , 짙 33.38 , 짙 36.52 , 짙 39.38 , 짙 42.25 , 짙 45.10 , 짙 47.97 , 짙 50.82 , 짙 56.74 , 짙 62.46 , 짙 68.18 , 짙 73.90 , 짙 79.63 , 짙 85.35 , 짙 91.75 , 짙 97.47 , 짙 103.19 , 짙 108.90 , 짙 114.62 , 짙 120.34 , 짙 126.06 , 짙 131.77 , 짙 137.51 , 짙 143.22 , 짙 200.97 , 짙 258.16 ,,
Montenegro,DDU Courier, 짙 23.62 , 짙 25.07 , 짙 26.66 , 짙 28.13 , 짙 29.57 , 짙 31.02 , 짙 32.47 , 짙 33.92 , 짙 36.93 , 짙 39.83 , 짙 42.73 , 짙 45.62 , 짙 48.52 , 짙 51.43 , 짙 54.71 , 짙 57.61 , 짙 60.51 , 짙 63.40 , 짙 66.30 , 짙 69.21 , 짙 72.11 , 짙 75.00 , 짙 77.90 , 짙 80.79 , 짙 110.08 , 짙 139.07 ,,
Montserrat,DDU Courier, 짙 19.15 , 짙 22.02 , 짙 25.17 , 짙 28.04 , 짙 30.90 , 짙 33.77 , 짙 36.63 , 짙 39.50 , 짙 45.44 , 짙 51.18 , 짙 56.91 , 짙 62.64 , 짙 68.39 , 짙 74.12 , 짙 80.52 , 짙 86.26 , 짙 91.99 , 짙 97.72 , 짙 103.47 , 짙 109.20 , 짙 114.94 , 짙 120.67 , 짙 126.42 , 짙 132.15 , 짙 190.04 , 짙 247.40 ,,
Morocco,DDU Courier, 짙 11.44 , 짙 18.14 , 짙 25.02 , 짙 31.72 , 짙 37.55 , 짙 39.61 , 짙 41.67 , 짙 43.73 , 짙 47.95 , 짙 52.07 , 짙 56.18 , 짙 60.30 , 짙 64.40 , 짙 68.52 , 짙 73.05 , 짙 77.15 , 짙 81.27 , 짙 85.38 , 짙 89.50 , 짙 93.60 , 짙 97.72 , 짙 101.83 , 짙 105.95 , 짙 110.05 , 짙 151.51 , 짙 192.62 ,,
Mozambique,DDU Courier, 짙 25.81 , 짙 26.96 , 짙 28.26 , 짙 29.39 , 짙 30.54 , 짙 31.69 , 짙 32.83 , 짙 33.98 , 짙 36.38 , 짙 38.67 , 짙 40.95 , 짙 43.25 , 짙 45.53 , 짙 47.82 , 짙 50.49 , 짙 52.79 , 짙 55.07 , 짙 57.36 , 짙 59.64 , 짙 61.94 , 짙 64.22 , 짙 66.51 , 짙 68.79 , 짙 71.09 , 짙 94.27 , 짙 117.14 ,,
Myanmar,DDU Courier, 짙 22.87 , 짙 25.23 , 짙 27.86 , 짙 30.23 , 짙 32.60 , 짙 34.96 , 짙 37.34 , 짙 39.70 , 짙 44.62 , 짙 49.37 , 짙 54.10 , 짙 58.83 , 짙 63.57 , 짙 68.30 , 짙 73.67 , 짙 78.40 , 짙 83.14 , 짙 87.88 , 짙 92.62 , 짙 97.35 , 짙 102.08 , 짙 106.81 , 짙 111.55 , 짙 116.29 , 짙 164.14 , 짙 211.49 ,,
Namibia,DDU Courier, 짙 23.69 , 짙 25.66 , 짙 27.89 , 짙 29.86 , 짙 31.83 , 짙 33.80 , 짙 35.77 , 짙 37.74 , 짙 41.87 , 짙 45.82 , 짙 49.76 , 짙 53.70 , 짙 57.64 , 짙 61.58 , 짙 66.15 , 짙 70.09 , 짙 74.03 , 짙 77.97 , 짙 81.91 , 짙 85.85 , 짙 89.80 , 짙 93.74 , 짙 97.68 , 짙 101.62 , 짙 141.52 , 짙 180.92 ,,
Nauru,DDU Courier, 짙 25.32 , 짙 29.25 , 짙 33.47 , 짙 37.41 , 짙 41.35 , 짙 45.28 , 짙 49.22 , 짙 53.16 , 짙 61.24 , 짙 69.12 , 짙 76.99 , 짙 84.85 , 짙 92.74 , 짙 100.60 , 짙 109.19 , 짙 117.05 , 짙 124.94 , 짙 132.80 , 짙 140.67 , 짙 148.55 , 짙 156.42 , 짙 164.29 , 짙 172.17 , 짙 180.04 , 짙 259.34 , 짙 338.06 ,,
Nepal,DDU Courier, 짙 19.44 , 짙 21.71 , 짙 24.14 , 짙 26.42 , 짙 28.69 , 짙 30.98 , 짙 33.25 , 짙 35.53 , 짙 40.19 , 짙 44.74 , 짙 49.29 , 짙 53.85 , 짙 58.40 , 짙 62.95 , 짙 67.90 , 짙 72.45 , 짙 76.99 , 짙 81.54 , 짙 86.09 , 짙 90.65 , 짙 95.20 , 짙 99.75 , 짙 104.31 , 짙 108.86 , 짙 154.69 , 짙 200.21 ,,
New Caledonia,DDU Courier, 짙 30.29 , 짙 36.19 , 짙 42.34 , 짙 48.23 , 짙 54.13 , 짙 60.01 , 짙 65.91 , 짙 71.81 , 짙 83.78 , 짙 95.57 , 짙 107.35 , 짙 119.14 , 짙 130.92 , 짙 142.72 , 짙 155.14 , 짙 166.93 , 짙 178.71 , 짙 190.50 , 짙 202.28 , 짙 214.08 , 짙 225.87 , 짙 237.65 , 짙 249.44 , 짙 261.22 , 짙 379.60 , 짙 497.46 ,,
New Zealand,Commercial, 짙 8.67 , 짙 11.85 , 짙 15.17 , 짙 18.36 , 짙 21.54 , 짙 24.72 , 짙 27.90 , 짙 31.08 , 짙 37.92 , 짙 44.65 , 짙 51.01 , 짙 57.74 , 짙 64.10 , 짙 70.84 , 짙 77.52 , 짙 84.26 , 짙 90.63 , 짙 97.36 , 짙 103.72 , 짙 110.46 , 짙 116.82 , 짙 123.55 , 짙 129.92 , 짙 136.64 , 짙 202.39 , 짙 267.88 ,,
New Zealand,Postal, 짙 12.76 , 짙 15.88 , 짙 19.14 , 짙 22.26 , 짙 25.38 , 짙 28.50 , 짙 31.62 , 짙 34.74 , 짙 45.85 , 짙 52.50 , 짙 59.15 , 짙 65.81 , 짙 72.46 , 짙 79.11 , 짙 86.12 , 짙 92.77 , 짙 99.42 , 짙 106.08 , 짙 112.74 , 짙 119.38 , 짙 126.04 , 짙 132.70 , 짙 139.36 , 짙 146.00 , 짙 212.84 , 짙 279.37 ,,
Nicaragua,DDU Courier, 짙 25.07 , 짙 27.57 , 짙 30.36 , 짙 32.89 , 짙 35.40 , 짙 37.92 , 짙 40.43 , 짙 42.95 , 짙 48.17 , 짙 53.21 , 짙 58.24 , 짙 63.27 , 짙 68.30 , 짙 73.34 , 짙 79.03 , 짙 84.06 , 짙 89.09 , 짙 94.12 , 짙 99.16 , 짙 104.20 , 짙 109.23 , 짙 114.26 , 짙 119.29 , 짙 124.33 , 짙 175.17 , 짙 225.50 , 짙 -   , 짙 -   
Niger,DDU Courier, 짙 24.30 , 짙 27.48 , 짙 30.84 , 짙 34.02 , 짙 37.20 , 짙 40.38 , 짙 43.56 , 짙 46.73 , 짙 53.22 , 짙 59.58 , 짙 65.94 , 짙 72.28 , 짙 78.64 , 짙 85.00 , 짙 91.80 , 짙 98.14 , 짙 104.50 , 짙 110.86 , 짙 117.22 , 짙 123.58 , 짙 129.94 , 짙 136.30 , 짙 142.66 , 짙 149.00 , 짙 212.93 , 짙 276.49 , 짙 -   , 짙 -   
Nigeria,DDU Courier, 짙 29.48 , 짙 31.81 , 짙 34.40 , 짙 36.72 , 짙 39.05 , 짙 41.37 , 짙 43.70 , 짙 46.02 , 짙 50.86 , 짙 55.52 , 짙 60.16 , 짙 64.82 , 짙 69.48 , 짙 74.12 , 짙 79.42 , 짙 84.06 , 짙 88.72 , 짙 93.36 , 짙 98.02 , 짙 102.66 , 짙 107.32 , 짙 111.96 , 짙 116.62 , 짙 121.28 , 짙 168.29 , 짙 214.81 , 짙 -   , 짙 -   
North Macedonia,DDU Courier, 짙 17.79 , 짙 19.06 , 짙 20.50 , 짙 21.75 , 짙 23.02 , 짙 24.29 , 짙 25.56 , 짙 26.83 , 짙 29.47 , 짙 32.01 , 짙 34.54 , 짙 37.07 , 짙 39.61 , 짙 42.14 , 짙 45.07 , 짙 47.59 , 짙 50.13 , 짙 52.67 , 짙 55.19 , 짙 57.73 , 짙 60.27 , 짙 62.79 , 짙 65.33 , 짙 67.87 , 짙 93.51 , 짙 118.85 , 짙 -   , 짙 -   
Northern Mariana Islands,DDU Courier, 짙 42.43 , 짙 44.71 , 짙 47.28 , 짙 49.55 , 짙 51.83 , 짙 54.10 , 짙 56.39 , 짙 58.65 , 짙 63.43 , 짙 67.98 , 짙 72.54 , 짙 77.09 , 짙 81.64 , 짙 86.20 , 짙 91.47 , 짙 96.02 , 짙 100.57 , 짙 105.13 , 짙 109.68 , 짙 114.23 , 짙 118.79 , 짙 123.34 , 짙 127.89 , 짙 132.45 , 짙 178.56 , 짙 224.11 , 짙 -   , 짙 -   
Norway,DDU Courier, 짙 9.48 , 짙 10.91 , 짙 12.48 , 짙 13.91 , 짙 15.35 , 짙 16.78 , 짙 18.21 , 짙 19.65 , 짙 23.39 , 짙 24.90 , 짙 26.42 , 짙 27.93 , 짙 29.44 , 짙 30.95 , 짙 32.81 , 짙 34.34 , 짙 35.84 , 짙 37.35 , 짙 38.86 , 짙 40.38 , 짙 41.89 , 짙 43.40 , 짙 44.92 , 짙 46.43 , 짙 61.83 , 짙 76.96 , 짙 -   , 짙 -   
Oman,DDP Courier, 짙 9.72 , 짙 10.38 , 짙 11.18 , 짙 11.82 , 짙 12.48 , 짙 13.14 , 짙 13.79 , 짙 14.44 , 짙 15.85 , 짙 17.17 , 짙 18.47 , 짙 19.78 , 짙 21.08 , 짙 22.39 , 짙 25.15 , 짙 26.45 , 짙 28.86 , 짙 30.16 , 짙 32.54 , 짙 33.86 , 짙 36.25 , 짙 37.55 , 짙 39.93 , 짙 41.25 , 짙 60.03 , 짙 78.51 , 짙 97.69 , 짙 116.17 
Oman,DDU Courier, 짙 9.72 , 짙 10.38 , 짙 11.18 , 짙 11.82 , 짙 12.48 , 짙 13.14 , 짙 13.79 , 짙 14.44 , 짙 15.85 , 짙 17.17 , 짙 18.47 , 짙 19.78 , 짙 21.08 , 짙 22.39 , 짙 25.15 , 짙 26.45 , 짙 28.86 , 짙 30.16 , 짙 32.54 , 짙 33.86 , 짙 36.25 , 짙 37.55 , 짙 39.93 , 짙 41.25 , 짙 60.03 , 짙 78.51 , 짙 97.69 , 짙 116.17 
Pakistan,DDU Courier, 짙 24.18 , 짙 24.71 , 짙 25.41 , 짙 25.93 , 짙 26.45 , 짙 26.98 , 짙 27.50 , 짙 28.02 , 짙 29.19 , 짙 30.25 , 짙 31.29 , 짙 32.34 , 짙 33.38 , 짙 34.43 , 짙 35.89 , 짙 36.93 , 짙 37.98 , 짙 39.02 , 짙 40.08 , 짙 41.13 , 짙 42.17 , 짙 43.22 , 짙 44.26 , 짙 45.31 , 짙 56.12 , 짙 66.58 , 짙 -   , 짙 -   
Palau,DDU Courier, 짙 39.71 , 짙 43.28 , 짙 47.14 , 짙 50.73 , 짙 54.30 , 짙 57.86 , 짙 61.45 , 짙 65.01 , 짙 72.37 , 짙 79.52 , 짙 86.68 , 짙 93.83 , 짙 100.96 , 짙 108.11 , 짙 115.97 , 짙 123.12 , 짙 130.27 , 짙 137.42 , 짙 144.57 , 짙 151.70 , 짙 158.85 , 짙 166.01 , 짙 173.16 , 짙 180.31 , 짙 252.34 , 짙 323.82 , 짙 -   , 짙 -   
Palestine,DDU Courier, 짙 19.14 , 짙 21.23 , 짙 23.62 , 짙 25.72 , 짙 27.81 , 짙 29.92 , 짙 32.01 , 짙 34.10 , 짙 38.50 , 짙 42.70 , 짙 46.89 , 짙 51.09 , 짙 55.28 , 짙 59.46 , 짙 64.37 , 짙 68.57 , 짙 72.75 , 짙 76.94 , 짙 81.14 , 짙 85.33 , 짙 89.53 , 짙 93.71 , 짙 97.90 , 짙 102.10 , 짙 144.58 , 짙 186.50 , 짙 -   , 짙 -   
Panama,DDU Courier, 짙 29.01 , 짙 30.13 , 짙 31.41 , 짙 32.54 , 짙 33.66 , 짙 34.78 , 짙 35.92 , 짙 37.04 , 짙 39.41 , 짙 41.65 , 짙 43.90 , 짙 46.16 , 짙 48.40 , 짙 50.65 , 짙 53.29 , 짙 55.55 , 짙 57.80 , 짙 60.04 , 짙 62.30 , 짙 64.55 , 짙 66.79 , 짙 69.04 , 짙 71.30 , 짙 73.54 , 짙 96.35 , 짙 118.85 , 짙 -   , 짙 -   
Papua New Guinea,DDU Courier, 짙 32.26 , 짙 33.81 , 짙 35.65 , 짙 37.20 , 짙 38.77 , 짙 40.34 , 짙 41.90 , 짙 43.47 , 짙 46.79 , 짙 49.91 , 짙 53.04 , 짙 56.18 , 짙 59.30 , 짙 62.43 , 짙 66.19 , 짙 69.33 , 짙 72.45 , 짙 75.58 , 짙 78.70 , 짙 81.84 , 짙 84.97 , 짙 88.09 , 짙 91.23 , 짙 94.35 , 짙 126.15 , 짙 157.44 , 짙 -   , 짙 -   
Paraguay,DDU Courier, 짙 28.11 , 짙 30.87 , 짙 33.89 , 짙 36.63 , 짙 39.40 , 짙 42.16 , 짙 44.92 , 짙 47.67 , 짙 53.38 , 짙 58.89 , 짙 64.42 , 짙 69.93 , 짙 75.45 , 짙 80.96 , 짙 87.11 , 짙 92.62 , 짙 98.14 , 짙 103.65 , 짙 109.17 , 짙 114.68 , 짙 120.20 , 짙 125.73 , 짙 131.24 , 짙 136.76 , 짙 192.43 , 짙 247.59 , 짙 -   , 짙 -   
Peru,DDU Courier, 짙 28.26 , 짙 29.36 , 짙 30.62 , 짙 31.71 , 짙 32.80 , 짙 33.90 , 짙 34.99 , 짙 36.10 , 짙 38.40 , 짙 40.59 , 짙 42.79 , 짙 44.96 , 짙 47.16 , 짙 49.35 , 짙 51.94 , 짙 54.12 , 짙 56.31 , 짙 58.51 , 짙 60.70 , 짙 62.88 , 짙 65.07 , 짙 67.27 , 짙 69.46 , 짙 71.64 , 짙 93.87 , 짙 115.77 , 짙 -   , 짙 -   
Philippines,DDU Courier, 짙 22.66 , 짙 23.44 , 짙 24.36 , 짙 25.14 , 짙 25.92 , 짙 26.69 , 짙 27.47 , 짙 28.24 , 짙 29.92 , 짙 31.45 , 짙 33.01 , 짙 34.56 , 짙 36.11 , 짙 37.66 , 짙 39.59 , 짙 41.14 , 짙 42.70 , 짙 44.25 , 짙 45.80 , 짙 47.34 , 짙 48.89 , 짙 50.44 , 짙 52.00 , 짙 53.55 , 짙 69.36 , 짙 84.85 , 짙 -   , 짙 -   
Pitcairn,DDU Courier, 짙 32.83 , 짙 38.53 , 짙 44.52 , 짙 50.22 , 짙 55.92 , 짙 61.63 , 짙 67.33 , 짙 73.03 , 짙 84.65 , 짙 96.05 , 짙 107.46 , 짙 118.86 , 짙 130.27 , 짙 141.67 , 짙 153.78 , 짙 165.18 , 짙 176.59 , 짙 188.00 , 짙 199.40 , 짙 210.81 , 짙 222.21 , 짙 233.62 , 짙 245.02 , 짙 256.43 , 짙 371.03 , 짙 485.09 , 짙 -   , 짙 -   
Puerto Rico,DDU Courier, 짙 37.17 , 짙 40.52 , 짙 44.13 , 짙 47.46 , 짙 50.80 , 짙 54.15 , 짙 57.49 , 짙 60.83 , 짙 67.72 , 짙 74.40 , 짙 81.08 , 짙 87.77 , 짙 94.45 , 짙 101.13 , 짙 108.49 , 짙 115.16 , 짙 121.85 , 짙 128.53 , 짙 135.21 , 짙 141.90 , 짙 148.58 , 짙 155.26 , 짙 161.95 , 짙 168.63 , 짙 235.99 , 짙 302.83 , 짙 -   , 짙 -   
Qatar,DDP Courier, 짙 12.51 , 짙 13.26 , 짙 14.14 , 짙 14.88 , 짙 15.63 , 짙 16.36 , 짙 17.11 , 짙 17.85 , 짙 19.45 , 짙 20.93 , 짙 22.42 , 짙 23.90 , 짙 25.39 , 짙 26.87 , 짙 29.89 , 짙 31.38 , 짙 34.04 , 짙 35.52 , 짙 38.17 , 짙 39.67 , 짙 42.32 , 짙 43.80 , 짙 46.46 , 짙 47.95 , 짙 68.96 , 짙 89.68 , 짙 111.05 , 짙 131.77 
Qatar,DDU Courier, 짙 12.51 , 짙 13.26 , 짙 14.14 , 짙 14.88 , 짙 15.63 , 짙 16.36 , 짙 17.11 , 짙 17.85 , 짙 19.45 , 짙 20.93 , 짙 22.42 , 짙 23.90 , 짙 25.39 , 짙 26.87 , 짙 29.89 , 짙 31.38 , 짙 34.04 , 짙 35.52 , 짙 38.17 , 짙 39.67 , 짙 42.32 , 짙 43.80 , 짙 46.46 , 짙 47.95 , 짙 68.96 , 짙 89.68 , 짙 111.05 , 짙 131.77 
Reunion,DDU Courier, 짙 11.09 , 짙 14.79 , 짙 18.65 , 짙 22.35 , 짙 26.05 , 짙 29.74 , 짙 33.44 , 짙 37.14 , 짙 48.17 , 짙 52.85 , 짙 57.52 , 짙 62.19 , 짙 66.87 , 짙 71.54 , 짙 76.61 , 짙 81.29 , 짙 85.96 , 짙 90.63 , 짙 95.30 , 짙 99.98 , 짙 104.65 , 짙 109.32 , 짙 113.99 , 짙 118.67 , 짙 165.72 , 짙 212.45 , 짙 -   , 짙 -   
Rwanda,DDU Courier, 짙 27.56 , 짙 28.78 , 짙 30.19 , 짙 31.39 , 짙 32.62 , 짙 33.84 , 짙 35.07 , 짙 36.29 , 짙 38.86 , 짙 41.31 , 짙 43.76 , 짙 46.20 , 짙 48.65 , 짙 51.10 , 짙 53.97 , 짙 56.40 , 짙 58.85 , 짙 61.30 , 짙 63.75 , 짙 66.19 , 짙 68.64 , 짙 71.09 , 짙 73.54 , 짙 75.99 , 짙 100.78 , 짙 125.25 , 짙 -   , 짙 -   
Saint Kitts and Nevis,DDU Courier, 짙 22.12 , 짙 24.48 , 짙 27.11 , 짙 29.47 , 짙 31.81 , 짙 34.17 , 짙 36.53 , 짙 38.89 , 짙 43.79 , 짙 48.50 , 짙 53.21 , 짙 57.92 , 짙 62.63 , 짙 67.34 , 짙 72.70 , 짙 77.42 , 짙 82.12 , 짙 86.84 , 짙 91.56 , 짙 96.26 , 짙 100.98 , 짙 105.68 , 짙 110.40 , 짙 115.10 , 짙 162.72 , 짙 209.84 , 짙 -   , 짙 -   
Saint Lucia,DDU Courier, 짙 28.54 , 짙 31.13 , 짙 33.96 , 짙 36.55 , 짙 39.11 , 짙 41.70 , 짙 44.26 , 짙 46.85 , 짙 52.19 , 짙 57.34 , 짙 62.49 , 짙 67.64 , 짙 72.81 , 짙 77.96 , 짙 83.75 , 짙 88.90 , 짙 94.05 , 짙 99.20 , 짙 104.35 , 짙 109.52 , 짙 114.67 , 짙 119.82 , 짙 124.97 , 짙 130.12 , 짙 182.16 , 짙 233.69 , 짙 -   , 짙 -   
Saint Pierre and Miquelon,DDU Courier, 짙 33.74 , 짙 35.66 , 짙 37.89 , 짙 39.81 , 짙 41.74 , 짙 43.67 , 짙 45.61 , 짙 47.53 , 짙 51.59 , 짙 55.44 , 짙 59.30 , 짙 63.16 , 짙 67.01 , 짙 70.87 , 짙 75.45 , 짙 79.30 , 짙 83.15 , 짙 87.00 , 짙 90.86 , 짙 94.71 , 짙 98.56 , 짙 102.41 , 짙 106.26 , 짙 110.11 , 짙 149.23 , 짙 187.76 , 짙 -   , 짙 -   
Saint Vincent and the Grenadines,DDU Courier, 짙 36.23 , 짙 45.94 , 짙 55.89 , 짙 65.58 , 짙 75.27 , 짙 84.97 , 짙 94.66 , 짙 104.37 , 짙 123.95 , 짙 143.33 , 짙 162.72 , 짙 182.11 , 짙 201.51 , 짙 220.90 , 짙 240.93 , 짙 260.32 , 짙 279.70 , 짙 299.09 , 짙 318.49 , 짙 337.88 , 짙 357.27 , 짙 376.66 , 짙 396.05 , 짙 415.45 , 짙 609.86 , 짙 803.75 , 짙 -   , 짙 -   
Samoa,DDU Courier, 짙 32.47 , 짙 36.31 , 짙 40.41 , 짙 44.25 , 짙 48.07 , 짙 51.91 , 짙 55.74 , 짙 59.57 , 짙 67.43 , 짙 75.09 , 짙 82.75 , 짙 90.41 , 짙 98.07 , 짙 105.74 , 짙 114.08 , 짙 121.74 , 짙 129.40 , 짙 137.06 , 짙 144.72 , 짙 152.38 , 짙 160.05 , 짙 167.71 , 짙 175.37 , 짙 183.02 , 짙 260.18 , 짙 336.77 , 짙 -   , 짙 -   
San Marino,DDU Courier, 짙 24.54 , 짙 25.32 , 짙 26.38 , 짙 27.16 , 짙 27.95 , 짙 28.72 , 짙 29.50 , 짙 30.28 , 짙 32.05 , 짙 33.60 , 짙 35.17 , 짙 36.72 , 짙 38.29 , 짙 39.86 , 짙 42.10 , 짙 43.67 , 짙 45.22 , 짙 46.79 , 짙 48.34 , 짙 49.91 , 짙 51.47 , 짙 53.03 , 짙 54.59 , 짙 56.15 , 짙 72.31 , 짙 87.93 , 짙 -   , 짙 -   
Saudi Arabia,DDP Courier, 짙 8.57 , 짙 9.21 , 짙 10.21 , 짙 10.85 , 짙 11.49 , 짙 12.14 , 짙 13.24 , 짙 13.88 , 짙 15.27 , 짙 17.71 , 짙 18.99 , 짙 20.94 , 짙 22.21 , 짙 24.18 , 짙 25.83 , 짙 27.50 , 짙 28.78 , 짙 30.74 , 짙 32.01 , 짙 33.98 , 짙 35.26 , 짙 37.22 , 짙 38.50 , 짙 40.46 , 짙 60.31 , 짙 79.85 , 짙 100.08 , 짙 119.65 
Saudi Arabia,DDU Courier, 짙 8.57 , 짙 9.21 , 짙 10.21 , 짙 10.85 , 짙 11.49 , 짙 12.14 , 짙 13.24 , 짙 13.88 , 짙 15.27 , 짙 17.71 , 짙 18.99 , 짙 20.94 , 짙 22.21 , 짙 24.18 , 짙 25.83 , 짙 27.50 , 짙 28.78 , 짙 30.74 , 짙 32.01 , 짙 33.98 , 짙 35.26 , 짙 37.22 , 짙 38.50 , 짙 40.46 , 짙 60.31 , 짙 79.85 , 짙 100.08 , 짙 119.65 
Senegal,DDU Courier, 짙 23.47 , 짙 24.78 , 짙 26.24 , 짙 27.56 , 짙 28.87 , 짙 30.17 , 짙 31.48 , 짙 32.80 , 짙 35.53 , 짙 38.14 , 짙 40.75 , 짙 43.38 , 짙 45.99 , 짙 48.61 , 짙 51.62 , 짙 54.24 , 짙 56.85 , 짙 59.48 , 짙 62.09 , 짙 64.70 , 짙 67.33 , 짙 69.94 , 짙 72.55 , 짙 75.18 , 짙 101.66 , 짙 127.83 , 짙 -   , 짙 -   
Serbia,DDU Courier, 짙 10.15 , 짙 15.18 , 짙 20.38 , 짙 24.53 , 짙 25.15 , 짙 25.78 , 짙 26.39 , 짙 27.02 , 짙 28.38 , 짙 29.62 , 짙 30.87 , 짙 32.11 , 짙 33.35 , 짙 34.60 , 짙 36.23 , 짙 37.47 , 짙 38.71 , 짙 39.96 , 짙 41.20 , 짙 42.44 , 짙 43.70 , 짙 44.93 , 짙 46.17 , 짙 47.43 , 짙 60.16 , 짙 72.61 , 짙 -   , 짙 -   
Seychelles,DDU Courier, 짙 16.50 , 짙 17.79 , 짙 19.26 , 짙 20.56 , 짙 21.86 , 짙 23.15 , 짙 24.44 , 짙 25.74 , 짙 28.45 , 짙 31.05 , 짙 33.63 , 짙 36.23 , 짙 38.83 , 짙 41.41 , 짙 44.41 , 짙 47.01 , 짙 49.59 , 짙 52.19 , 짙 54.79 , 짙 57.37 , 짙 59.97 , 짙 62.55 , 짙 65.15 , 짙 67.75 , 짙 93.99 , 짙 119.91 , 짙 -   , 짙 -   
Sierra Leone,DDU Courier, 짙 32.68 , 짙 34.51 , 짙 36.63 , 짙 38.47 , 짙 40.31 , 짙 42.14 , 짙 43.98 , 짙 45.83 , 짙 49.71 , 짙 53.38 , 짙 57.06 , 짙 60.73 , 짙 64.42 , 짙 68.09 , 짙 72.45 , 짙 76.12 , 짙 79.79 , 짙 83.47 , 짙 87.15 , 짙 90.83 , 짙 94.50 , 짙 98.19 , 짙 101.86 , 짙 105.53 , 짙 142.84 , 짙 179.61 , 짙 -   , 짙 -   
Singapore,DDU Courier, 짙 7.60 , 짙 9.66 , 짙 11.87 , 짙 13.91 , 짙 15.97 , 짙 18.03 , 짙 20.08 , 짙 22.14 , 짙 26.27 , 짙 28.17 , 짙 30.07 , 짙 31.95 , 짙 33.84 , 짙 35.74 , 짙 38.01 , 짙 39.90 , 짙 41.80 , 짙 43.70 , 짙 45.59 , 짙 47.47 , 짙 49.37 , 짙 51.26 , 짙 53.16 , 짙 55.06 , 짙 74.30 , 짙 93.23 , 짙 -   , 짙 -   
Solomon Islands,DDU Courier, 짙 25.69 , 짙 29.87 , 짙 34.34 , 짙 38.50 , 짙 42.67 , 짙 46.83 , 짙 51.01 , 짙 55.18 , 짙 63.73 , 짙 72.06 , 짙 80.41 , 짙 88.74 , 짙 97.08 , 짙 105.41 , 짙 114.49 , 짙 122.82 , 짙 131.15 , 짙 139.49 , 짙 147.82 , 짙 156.17 , 짙 164.50 , 짙 172.83 , 짙 181.17 , 짙 189.50 , 짙 273.46 , 짙 356.82 , 짙 -   , 짙 -   
Somalia,DDU Courier, 짙 15.87 , 짙 16.11 , 짙 16.66 , 짙 16.91 , 짙 17.15 , 짙 17.41 , 짙 17.66 , 짙 17.91 , 짙 18.63 , 짙 19.12 , 짙 19.63 , 짙 20.14 , 짙 20.63 , 짙 21.14 , 짙 22.35 , 짙 22.86 , 짙 23.35 , 짙 23.86 , 짙 24.35 , 짙 24.86 , 짙 25.36 , 짙 25.86 , 짙 26.36 , 짙 26.87 , 짙 32.45 , 짙 37.47 , 짙 -   , 짙 -   
South Africa,DDU Courier, 짙 21.90 , 짙 24.06 , 짙 26.38 , 짙 28.54 , 짙 30.72 , 짙 32.89 , 짙 35.05 , 짙 37.23 , 짙 41.67 , 짙 46.01 , 짙 50.35 , 짙 54.68 , 짙 59.03 , 짙 63.37 , 짙 68.06 , 짙 72.40 , 짙 76.75 , 짙 81.08 , 짙 85.42 , 짙 89.77 , 짙 94.09 , 짙 98.44 , 짙 102.78 , 짙 107.13 , 짙 150.79 , 짙 194.21 , 짙 -   , 짙 -   
South Korea,DDU Courier, 짙 7.27 , 짙 9.00 , 짙 10.88 , 짙 12.60 , 짙 14.33 , 짙 15.50 , 짙 16.09 , 짙 16.71 , 짙 18.03 , 짙 19.24 , 짙 20.45 , 짙 21.68 , 짙 22.89 , 짙 24.09 , 짙 25.68 , 짙 26.90 , 짙 28.11 , 짙 29.32 , 짙 30.53 , 짙 31.75 , 짙 32.96 , 짙 34.17 , 짙 35.38 , 짙 36.60 , 짙 49.03 , 짙 61.16 , 짙 -   , 짙 -   
South Sudan,DDU Courier, 짙 17.57 , 짙 19.36 , 짙 21.47 , 짙 23.26 , 짙 25.07 , 짙 26.87 , 짙 28.68 , 짙 30.48 , 짙 34.29 , 짙 37.90 , 짙 41.52 , 짙 45.11 , 짙 48.73 , 짙 52.32 , 짙 56.64 , 짙 60.25 , 짙 63.86 , 짙 67.46 , 짙 71.07 , 짙 74.67 , 짙 78.29 , 짙 81.88 , 짙 85.50 , 짙 89.11 , 짙 125.73 , 짙 161.80 , 짙 -   , 짙 -   
Sri Lanka,DDU Courier, 짙 21.48 , 짙 22.54 , 짙 23.77 , 짙 24.81 , 짙 25.87 , 짙 26.92 , 짙 27.98 , 짙 29.04 , 짙 31.26 , 짙 33.37 , 짙 35.47 , 짙 37.59 , 짙 39.70 , 짙 41.80 , 짙 44.31 , 짙 46.43 , 짙 48.53 , 짙 50.64 , 짙 52.74 , 짙 54.85 , 짙 56.97 , 짙 59.07 , 짙 61.18 , 짙 63.28 , 짙 84.69 , 짙 105.77 , 짙 -   , 짙 -   
Sudan,DDU Courier, 짙 39.52 , 짙 41.56 , 짙 43.90 , 짙 45.97 , 짙 48.01 , 짙 50.07 , 짙 52.13 , 짙 54.18 , 짙 58.51 , 짙 62.61 , 짙 66.72 , 짙 70.82 , 짙 74.93 , 짙 79.05 , 짙 83.85 , 짙 87.97 , 짙 92.08 , 짙 96.18 , 짙 100.29 , 짙 104.40 , 짙 108.52 , 짙 112.62 , 짙 116.73 , 짙 120.83 , 짙 162.48 , 짙 203.57 , 짙 -   , 짙 -   
Suriname,DDU Courier, 짙 28.72 , 짙 30.48 , 짙 32.51 , 짙 34.28 , 짙 36.04 , 짙 37.78 , 짙 39.55 , 짙 41.31 , 짙 45.02 , 짙 48.55 , 짙 52.07 , 짙 55.59 , 짙 59.12 , 짙 62.63 , 짙 66.82 , 짙 70.33 , 짙 73.85 , 짙 77.37 , 짙 80.90 , 짙 84.42 , 짙 87.93 , 짙 91.45 , 짙 94.98 , 짙 98.50 , 짙 134.22 , 짙 169.42 , 짙 -   , 짙 -   
Swaziland,DDU Courier, 짙 25.69 , 짙 27.95 , 짙 30.48 , 짙 32.74 , 짙 35.01 , 짙 37.26 , 짙 39.52 , 짙 41.77 , 짙 46.49 , 짙 51.00 , 짙 55.52 , 짙 60.03 , 짙 64.54 , 짙 69.06 , 짙 74.25 , 짙 78.76 , 짙 83.29 , 짙 87.79 , 짙 92.30 , 짙 96.83 , 짙 101.34 , 짙 105.84 , 짙 110.35 , 짙 114.88 , 짙 160.56 , 짙 205.67 , 짙 -   , 짙 -   
Switzerland,DDP Courier, 짙 30.96 , 짙 31.63 , 짙 32.87 , 짙 33.96 , 짙 34.99 , 짙 35.95 , 짙 38.53 , 짙 38.53 , 짙 41.68 , 짙 44.74 , 짙 47.82 , 짙 50.88 , 짙 53.94 , 짙 57.01 , 짙 60.37 , 짙 63.45 , 짙 66.51 , 짙 69.58 , 짙 72.64 , 짙 75.70 , 짙 78.78 , 짙 81.84 , 짙 84.90 , 짙 87.97 , 짙 118.88 , 짙 149.54 , 짙 180.76 , 짙 211.42 
Switzerland,DDU Courier, 짙 9.36 , 짙 10.35 , 짙 11.47 , 짙 12.45 , 짙 13.45 , 짙 14.44 , 짙 15.42 , 짙 16.41 , 짙 20.71 , 짙 21.27 , 짙 21.84 , 짙 22.41 , 짙 22.99 , 짙 23.56 , 짙 24.48 , 짙 25.05 , 짙 25.62 , 짙 26.18 , 짙 26.75 , 짙 27.33 , 짙 27.90 , 짙 28.47 , 짙 29.04 , 짙 29.62 , 짙 35.60 , 짙 41.31 , 짙 -   , 짙 -   
"Taiwan, China",DDU Courier, 짙 8.05 , 짙 10.27 , 짙 12.63 , 짙 14.85 , 짙 17.06 , 짙 19.29 , 짙 21.50 , 짙 23.72 , 짙 34.04 , 짙 36.35 , 짙 38.68 , 짙 40.99 , 짙 43.32 , 짙 45.64 , 짙 48.32 , 짙 50.65 , 짙 52.97 , 짙 55.30 , 짙 57.61 , 짙 59.94 , 짙 62.25 , 짙 64.57 , 짙 66.89 , 짙 69.21 , 짙 92.72 , 짙 115.94 , 짙 -   , 짙 -   
Tajikistan,DDU Courier, 짙 22.68 , 짙 27.17 , 짙 31.93 , 짙 36.43 , 짙 40.92 , 짙 45.41 , 짙 49.91 , 짙 54.40 , 짙 63.58 , 짙 72.57 , 짙 81.55 , 짙 90.54 , 짙 99.53 , 짙 108.52 , 짙 118.17 , 짙 127.16 , 짙 136.15 , 짙 145.14 , 짙 154.12 , 짙 163.11 , 짙 172.10 , 짙 181.07 , 짙 190.06 , 짙 199.04 , 짙 289.45 , 짙 379.31 , 짙 -   , 짙 -   
Tanzania,DDU Courier, 짙 32.65 , 짙 33.60 , 짙 34.71 , 짙 35.65 , 짙 36.60 , 짙 37.55 , 짙 38.49 , 짙 39.43 , 짙 41.44 , 짙 43.32 , 짙 45.22 , 짙 47.10 , 짙 48.98 , 짙 50.88 , 짙 53.18 , 짙 55.06 , 짙 56.95 , 짙 58.83 , 짙 60.73 , 짙 62.61 , 짙 64.49 , 짙 66.39 , 짙 68.27 , 짙 70.15 , 짙 89.36 , 짙 108.22 , 짙 -   , 짙 -   
Thailand,DDU Courier, 짙 9.49 , 짙 14.81 , 짙 20.27 , 짙 22.90 , 짙 23.48 , 짙 24.06 , 짙 24.65 , 짙 25.24 , 짙 26.53 , 짙 27.69 , 짙 28.87 , 짙 30.04 , 짙 31.22 , 짙 32.38 , 짙 33.93 , 짙 35.10 , 짙 36.28 , 짙 37.44 , 짙 38.62 , 짙 39.78 , 짙 40.96 , 짙 42.13 , 짙 43.31 , 짙 44.47 , 짙 56.49 , 짙 68.21 , 짙 -   , 짙 -   
Timor-Leste,DDU Courier, 짙 16.94 , 짙 17.54 , 짙 18.42 , 짙 19.00 , 짙 19.60 , 짙 20.18 , 짙 20.78 , 짙 21.36 , 짙 22.77 , 짙 23.95 , 짙 25.12 , 짙 26.30 , 짙 27.48 , 짙 28.66 , 짙 30.56 , 짙 31.74 , 짙 32.92 , 짙 34.10 , 짙 35.28 , 짙 36.46 , 짙 37.63 , 짙 38.81 , 짙 39.99 , 짙 41.17 , 짙 53.55 , 짙 65.36 , 짙 -   , 짙 -   
Togo,DDU Courier, 짙 28.48 , 짙 29.78 , 짙 31.26 , 짙 32.56 , 짙 33.87 , 짙 35.19 , 짙 36.49 , 짙 37.80 , 짙 40.53 , 짙 43.14 , 짙 45.77 , 짙 48.38 , 짙 51.00 , 짙 53.62 , 짙 56.62 , 짙 59.24 , 짙 61.86 , 짙 64.48 , 짙 67.09 , 짙 69.72 , 짙 72.33 , 짙 74.94 , 짙 77.57 , 짙 80.18 , 짙 106.66 , 짙 132.83 , 짙 -   , 짙 -   
Tonga,DDU Courier, 짙 28.72 , 짙 32.41 , 짙 36.37 , 짙 40.04 , 짙 43.73 , 짙 47.40 , 짙 51.09 , 짙 54.76 , 짙 62.33 , 짙 69.69 , 짙 77.05 , 짙 84.41 , 짙 91.77 , 짙 99.13 , 짙 107.16 , 짙 114.52 , 짙 121.88 , 짙 129.24 , 짙 136.60 , 짙 143.97 , 짙 151.33 , 짙 158.69 , 짙 166.05 , 짙 173.41 , 짙 247.56 , 짙 321.17 , 짙 -   , 짙 -   
Trinidad and Tobago,DDU Courier, 짙 24.29 , 짙 26.84 , 짙 29.66 , 짙 32.22 , 짙 34.78 , 짙 37.34 , 짙 39.90 , 짙 42.46 , 짙 47.77 , 짙 52.89 , 짙 58.01 , 짙 63.13 , 짙 68.25 , 짙 73.37 , 짙 79.12 , 짙 84.24 , 짙 89.36 , 짙 94.48 , 짙 99.60 , 짙 104.72 , 짙 109.84 , 짙 114.96 , 짙 120.09 , 짙 125.21 , 짙 176.90 , 짙 228.11 , 짙 -   , 짙 -   
Tunisia,DDU Courier, 짙 24.62 , 짙 25.47 , 짙 26.47 , 짙 27.32 , 짙 28.16 , 짙 29.01 , 짙 29.86 , 짙 30.71 , 짙 32.51 , 짙 34.22 , 짙 35.92 , 짙 37.62 , 짙 39.31 , 짙 41.01 , 짙 43.08 , 짙 44.79 , 짙 46.47 , 짙 48.17 , 짙 49.88 , 짙 51.58 , 짙 53.27 , 짙 54.97 , 짙 56.67 , 짙 58.37 , 짙 75.64 , 짙 92.63 , 짙 -   , 짙 -   
Turkey,DDU Courier, 짙 8.78 , 짙 10.70 , 짙 12.78 , 짙 14.70 , 짙 16.65 , 짙 18.57 , 짙 20.50 , 짙 22.18 , 짙 23.62 , 짙 24.93 , 짙 26.26 , 짙 27.59 , 짙 28.92 , 짙 30.25 , 짙 31.92 , 짙 33.25 , 짙 34.57 , 짙 35.89 , 짙 37.22 , 짙 38.55 , 짙 39.87 , 짙 41.20 , 짙 42.53 , 짙 43.85 , 짙 57.39 , 짙 70.66 , 짙 -   , 짙 -   
Turkmenistan,DDU Courier, 짙 36.55 , 짙 41.73 , 짙 47.17 , 짙 52.35 , 짙 57.53 , 짙 62.71 , 짙 67.90 , 짙 73.08 , 짙 83.63 , 짙 94.01 , 짙 104.37 , 짙 114.73 , 짙 125.09 , 짙 135.46 , 짙 146.46 , 짙 156.82 , 짙 167.19 , 짙 177.56 , 짙 187.92 , 짙 198.28 , 짙 208.64 , 짙 219.02 , 짙 229.38 , 짙 239.74 , 짙 343.89 , 짙 447.54 , 짙 -   , 짙 -   
Turks and Caicos Islands,DDU Courier, 짙 17.54 , 짙 20.44 , 짙 23.60 , 짙 26.50 , 짙 29.39 , 짙 32.31 , 짙 35.20 , 짙 38.10 , 짙 44.10 , 짙 49.89 , 짙 55.68 , 짙 61.48 , 짙 67.28 , 짙 73.08 , 짙 79.54 , 짙 85.33 , 짙 91.14 , 짙 96.93 , 짙 102.72 , 짙 108.52 , 짙 114.32 , 짙 120.12 , 짙 125.91 , 짙 131.71 , 짙 190.20 , 짙 248.19 , 짙 -   , 짙 -   
Tuvalu,DDU Courier, 짙 21.39 , 짙 25.62 , 짙 30.13 , 짙 34.35 , 짙 38.56 , 짙 42.79 , 짙 47.00 , 짙 51.22 , 짙 59.88 , 짙 68.31 , 짙 76.75 , 짙 85.20 , 짙 93.63 , 짙 102.07 , 짙 111.22 , 짙 119.67 , 짙 128.10 , 짙 136.54 , 짙 144.99 , 짙 153.42 , 짙 161.86 , 짙 170.31 , 짙 178.74 , 짙 187.17 , 짙 272.15 , 짙 356.54 , 짙 -   , 짙 -   
Uganda,DDU Courier, 짙 33.08 , 짙 34.80 , 짙 36.78 , 짙 38.52 , 짙 40.23 , 짙 41.96 , 짙 43.68 , 짙 45.41 , 짙 49.04 , 짙 52.49 , 짙 55.94 , 짙 59.39 , 짙 62.83 , 짙 66.28 , 짙 70.36 , 짙 73.81 , 짙 77.26 , 짙 80.70 , 짙 84.15 , 짙 87.60 , 짙 91.03 , 짙 94.48 , 짙 97.93 , 짙 101.38 , 짙 136.36 , 짙 170.83 , 짙 -   , 짙 -   
Ukraine,DDU Courier, 짙 8.78 , 짙 10.02 , 짙 11.55 , 짙 12.81 , 짙 14.06 , 짙 15.32 , 짙 16.57 , 짙 17.82 , 짙 28.77 , 짙 29.29 , 짙 29.81 , 짙 30.32 , 짙 30.84 , 짙 31.36 , 짙 32.56 , 짙 33.08 , 짙 33.59 , 짙 34.11 , 짙 34.63 , 짙 35.14 , 짙 35.66 , 짙 36.19 , 짙 36.69 , 짙 37.22 , 짙 42.93 , 짙 48.11 , 짙 -   , 짙 -   
United Arab Emirates,DDP Courier, 짙 9.51 , 짙 9.90 , 짙 10.44 , 짙 10.84 , 짙 11.23 , 짙 11.61 , 짙 12.00 , 짙 12.41 , 짙 13.30 , 짙 14.08 , 짙 15.09 , 짙 15.87 , 짙 16.88 , 짙 17.66 , 짙 19.03 , 짙 19.83 , 짙 20.83 , 짙 21.62 , 짙 22.62 , 짙 23.41 , 짙 24.41 , 짙 25.20 , 짙 26.20 , 짙 26.99 , 짙 36.23 , 짙 45.19 , 짙 54.83 , 짙 63.79 
United Arab Emirates,DDU Courier, 짙 8.66 , 짙 9.05 , 짙 9.60 , 짙 9.99 , 짙 10.38 , 짙 10.76 , 짙 11.17 , 짙 11.55 , 짙 12.45 , 짙 13.23 , 짙 14.24 , 짙 15.02 , 짙 16.03 , 짙 16.81 , 짙 18.20 , 짙 18.97 , 짙 19.99 , 짙 20.77 , 짙 21.78 , 짙 22.56 , 짙 23.56 , 짙 24.35 , 짙 25.35 , 짙 26.14 , 짙 35.40 , 짙 44.34 , 짙 54.00 , 짙 62.94 
United States - Mainland,Commercial, 짙 7.81 , 짙 10.90 , 짙 11.60 , 짙 12.79 , 짙 13.35 , 짙 14.64 , 짙 15.20 , 짙 16.50 , 짙 18.80 , 짙 20.69 , 짙 22.60 , 짙 24.36 , 짙 25.71 , 짙 27.42 , 짙 29.22 , 짙 30.65 , 짙 32.07 , 짙 46.56 , 짙 49.23 , 짙 51.77 , 짙 54.38 , 짙 56.80 , 짙 59.04 , 짙 62.86 , 짙 120.25 , 짙 148.30 , 짙 172.34 , 짙 192.98 
United States - Mainland,Commercial Large Dims, 짙 13.69 , 짙 17.38 , 짙 19.59 , 짙 20.44 , 짙 22.65 , 짙 22.93 , 짙 25.71 , 짙 27.80 , 짙 30.08 , 짙 32.45 , 짙 38.89 , 짙 41.56 , 짙 44.59 , 짙 46.95 , 짙 55.55 , 짙 58.89 , 짙 61.89 , 짙 65.78 , 짙 68.66 , 짙 71.94 , 짙 75.51 , 짙 78.55 , 짙 81.94 , 짙 84.27 , 짙 120.59 , 짙 154.32 , 짙 182.99 , 짙 213.25 
United States - Rest Of,Commercial, 짙 18.33 , 짙 23.98 , 짙 24.68 , 짙 33.83 , 짙 34.38 , 짙 40.11 , 짙 40.67 , 짙 46.74 , 짙 53.80 , 짙 59.01 , 짙 64.22 , 짙 69.42 , 짙 74.30 , 짙 82.87 , 짙 88.09 , 짙 92.95 , 짙 97.80 , 짙 102.63 , 짙 107.49 , 짙 112.34 , 짙 117.17 , 짙 122.04 , 짙 126.36 , 짙 134.16 , 짙 215.88 , 짙 259.34 , 짙 300.32 , 짙 346.79 
Uruguay,DDU Courier, 짙 25.15 , 짙 27.51 , 짙 30.02 , 짙 32.37 , 짙 34.72 , 짙 37.07 , 짙 39.43 , 짙 41.77 , 짙 46.59 , 짙 51.29 , 짙 56.00 , 짙 60.70 , 짙 65.40 , 짙 70.10 , 짙 75.18 , 짙 79.88 , 짙 84.59 , 짙 89.29 , 짙 93.99 , 짙 98.69 , 짙 103.40 , 짙 108.10 , 짙 112.80 , 짙 117.50 , 짙 164.83 , 짙 211.85 , 짙 -   , 짙 -   
Uzbekistan,DDU Courier, 짙 31.28 , 짙 33.22 , 짙 35.34 , 짙 37.28 , 짙 39.23 , 짙 41.19 , 짙 43.14 , 짙 45.08 , 짙 49.11 , 짙 53.01 , 짙 56.92 , 짙 60.82 , 짙 64.73 , 짙 68.63 , 짙 72.93 , 짙 76.82 , 짙 80.73 , 짙 84.63 , 짙 88.54 , 짙 92.44 , 짙 96.35 , 짙 100.25 , 짙 104.16 , 짙 108.05 , 짙 147.40 , 짙 186.46 , 짙 -   , 짙 -   
Vanuatu,DDU Courier, 짙 29.26 , 짙 36.80 , 짙 44.61 , 짙 52.15 , 짙 59.68 , 짙 67.22 , 짙 74.78 , 짙 82.32 , 짙 97.59 , 짙 112.67 , 짙 127.76 , 짙 142.84 , 짙 157.91 , 짙 172.99 , 짙 188.73 , 짙 203.80 , 짙 218.88 , 짙 233.96 , 짙 249.05 , 짙 264.13 , 짙 279.21 , 짙 294.30 , 짙 309.38 , 짙 324.46 , 짙 475.80 , 짙 626.63 , 짙 -   , 짙 -   
Viet Nam,DDU Courier, 짙 8.09 , 짙 10.15 , 짙 12.36 , 짙 14.42 , 짙 16.47 , 짙 18.53 , 짙 20.59 , 짙 21.90 , 짙 23.71 , 짙 25.38 , 짙 27.07 , 짙 28.75 , 짙 30.42 , 짙 32.11 , 짙 34.19 , 짙 35.87 , 짙 37.56 , 짙 39.23 , 짙 40.92 , 짙 42.61 , 짙 44.28 , 짙 45.97 , 짙 47.65 , 짙 49.32 , 짙 66.46 , 짙 83.29 , 짙 -   , 짙 -   
Virgin Islands (British),DDU Courier, 짙 23.15 , 짙 29.42 , 짙 35.99 , 짙 42.26 , 짙 48.53 , 짙 54.82 , 짙 61.09 , 짙 67.36 , 짙 80.12 , 짙 92.66 , 짙 105.20 , 짙 117.74 , 짙 130.28 , 짙 142.84 , 짙 156.11 , 짙 168.65 , 짙 181.19 , 짙 193.73 , 짙 206.28 , 짙 218.82 , 짙 231.36 , 짙 243.90 , 짙 256.44 , 짙 269.00 , 짙 395.01 , 짙 520.44 , 짙 -   , 짙 -   
Virgin Islands (U.S.),DDU Courier, 짙 37.17 , 짙 40.52 , 짙 44.13 , 짙 47.46 , 짙 50.80 , 짙 54.15 , 짙 57.49 , 짙 60.83 , 짙 67.72 , 짙 74.40 , 짙 81.08 , 짙 87.77 , 짙 94.45 , 짙 101.13 , 짙 108.49 , 짙 115.16 , 짙 121.85 , 짙 128.53 , 짙 135.21 , 짙 141.90 , 짙 148.58 , 짙 155.26 , 짙 161.95 , 짙 168.63 , 짙 235.99 , 짙 302.83 , 짙 -   , 짙 -   
Wallis and Futuna,DDU Courier, 짙 26.05 , 짙 30.13 , 짙 34.47 , 짙 38.53 , 짙 42.59 , 짙 46.67 , 짙 50.73 , 짙 54.79 , 짙 63.13 , 짙 71.25 , 짙 79.39 , 짙 87.53 , 짙 95.65 , 짙 103.78 , 짙 112.61 , 짙 120.73 , 짙 128.86 , 짙 136.98 , 짙 145.12 , 짙 153.26 , 짙 161.38 , 짙 169.51 , 짙 177.64 , 짙 185.77 , 짙 267.62 , 짙 348.93 , 짙 -   , 짙 -   
Yemen,DDU Courier, 짙 18.44 , 짙 19.09 , 짙 20.03 , 짙 20.68 , 짙 21.33 , 짙 21.97 , 짙 22.63 , 짙 23.29 , 짙 24.80 , 짙 26.10 , 짙 27.39 , 짙 28.71 , 짙 30.01 , 짙 31.31 , 짙 33.32 , 짙 34.62 , 짙 35.92 , 짙 37.22 , 짙 38.52 , 짙 39.81 , 짙 41.13 , 짙 42.43 , 짙 43.73 , 짙 45.02 , 짙 58.61 , 짙 71.63 , 짙 -   , 짙 -   
Zambia,DDU Courier, 짙 23.30 , 짙 24.45 , 짙 25.75 , 짙 26.90 , 짙 28.04 , 짙 29.19 , 짙 30.33 , 짙 31.47 , 짙 33.87 , 짙 36.17 , 짙 38.46 , 짙 40.74 , 짙 43.02 , 짙 45.32 , 짙 48.00 , 짙 50.28 , 짙 52.56 , 짙 54.85 , 짙 57.15 , 짙 59.43 , 짙 61.71 , 짙 64.00 , 짙 66.30 , 짙 68.58 , 짙 91.77 , 짙 114.65 , 짙 -   , 짙 -   
Zimbabwe,DDU Courier, 짙 23.60 , 짙 24.77 , 짙 26.08 , 짙 27.24 , 짙 28.41 , 짙 29.56 , 짙 30.72 , 짙 31.87 , 짙 34.32 , 짙 36.63 , 짙 38.95 , 짙 41.26 , 짙 43.59 , 짙 45.91 , 짙 48.62 , 짙 50.94 , 짙 53.25 , 짙 55.56 , 짙 57.89 , 짙 60.21 , 짙 62.52 , 짙 64.83 , 짙 67.16 , 짙 69.48 , 짙 92.98 , 짙 116.14 , 짙 -   , 짙 -   
Austria,DDU Courier, 짙 9.54 , 짙 11.09 , 짙 13.45 , 짙 15.57 , 짙 17.20 , 짙 17.51 , 짙 17.81 , 짙 18.11 , 짙 19.88 , 짙 20.50 , 짙 21.09 , 짙 21.71 , 짙 22.32 , 짙 22.92 , 짙 24.12 , 짙 24.74 , 짙 25.33 , 짙 25.95 , 짙 26.56 , 짙 27.16 , 짙 27.77 , 짙 28.38 , 짙 28.98 , 짙 29.59 , 짙 36.13 , 짙 42.19 , 짙 -   , 짙 -   
Belgium,DDU Courier, 짙 9.99 , 짙 10.81 , 짙 11.38 , 짙 11.81 , 짙 12.24 , 짙 12.66 , 짙 13.09 , 짙 13.53 , 짙 14.48 , 짙 15.35 , 짙 16.20 , 짙 17.06 , 짙 17.93 , 짙 18.78 , 짙 19.99 , 짙 20.86 , 짙 21.71 , 짙 22.57 , 짙 23.42 , 짙 24.29 , 짙 25.14 , 짙 26.01 , 짙 26.86 , 짙 27.72 , 짙 36.59 , 짙 45.17 , 짙 -   , 짙 -   
Bulgaria,DDU Courier, 짙 10.14 , 짙 10.14 , 짙 10.81 , 짙 11.21 , 짙 12.79 , 짙 14.38 , 짙 15.56 , 짙 16.09 , 짙 17.27 , 짙 18.33 , 짙 19.41 , 짙 20.48 , 짙 21.56 , 짙 22.62 , 짙 24.05 , 짙 25.11 , 짙 26.18 , 짙 27.26 , 짙 28.33 , 짙 29.41 , 짙 30.47 , 짙 31.54 , 짙 32.62 , 짙 33.69 , 짙 44.68 , 짙 55.40 , 짙 -   , 짙 -   
Croatia,DDU Courier, 짙 10.05 , 짙 10.05 , 짙 11.63 , 짙 13.33 , 짙 13.76 , 짙 14.18 , 짙 14.62 , 짙 15.03 , 짙 15.99 , 짙 16.85 , 짙 17.71 , 짙 18.56 , 짙 19.41 , 짙 20.26 , 짙 21.45 , 짙 22.30 , 짙 23.15 , 짙 24.02 , 짙 24.87 , 짙 25.72 , 짙 26.57 , 짙 27.42 , 짙 28.27 , 짙 29.13 , 짙 37.92 , 짙 46.44 , 짙 -   , 짙 -   
Cyprus,DDU Courier, 짙 8.88 , 짙 10.97 , 짙 13.29 , 짙 15.38 , 짙 17.45 , 짙 19.53 , 짙 21.60 , 짙 23.69 , 짙 29.42 , 짙 31.56 , 짙 33.71 , 짙 35.84 , 짙 37.99 , 짙 40.13 , 짙 42.87 , 짙 45.01 , 짙 47.16 , 짙 49.29 , 짙 51.44 , 짙 53.58 , 짙 55.73 , 짙 57.86 , 짙 60.01 , 짙 62.15 , 짙 84.05 , 짙 105.46 , 짙 -   , 짙 -   
Czechia,DDU Courier, 짙 7.57 , 짙 8.99 , 짙 10.93 , 짙 11.47 , 짙 11.97 , 짙 12.47 , 짙 12.97 , 짙 13.48 , 짙 14.60 , 짙 15.60 , 짙 16.62 , 짙 17.63 , 짙 18.63 , 짙 19.65 , 짙 21.00 , 짙 22.02 , 짙 23.03 , 짙 24.03 , 짙 25.05 , 짙 26.05 , 짙 27.07 , 짙 28.08 , 짙 29.08 , 짙 30.10 , 짙 40.47 , 짙 50.58 , 짙 -   , 짙 -   
Denmark,DDU Courier, 짙 9.18 , 짙 9.78 , 짙 10.51 , 짙 11.09 , 짙 11.69 , 짙 12.27 , 짙 12.87 , 짙 13.47 , 짙 22.32 , 짙 23.39 , 짙 24.47 , 짙 25.53 , 짙 26.60 , 짙 27.68 , 짙 29.10 , 짙 30.17 , 짙 31.25 , 짙 32.32 , 짙 33.38 , 짙 34.46 , 짙 35.53 , 짙 36.60 , 짙 37.66 , 짙 38.74 , 짙 49.74 , 짙 60.45 , 짙 -   , 짙 -   
Estonia,DDU Courier, 짙 11.36 , 짙 11.36 , 짙 12.85 , 짙 15.12 , 짙 15.94 , 짙 16.47 , 짙 16.99 , 짙 17.51 , 짙 18.66 , 짙 19.71 , 짙 20.75 , 짙 21.80 , 짙 22.84 , 짙 23.89 , 짙 25.29 , 짙 26.33 , 짙 27.38 , 짙 28.42 , 짙 29.47 , 짙 30.51 , 짙 31.56 , 짙 32.60 , 짙 33.65 , 짙 34.69 , 짙 45.41 , 짙 55.86 , 짙 -   , 짙 -   
Finland,DDU Courier, 짙 11.15 , 짙 12.00 , 짙 14.12 , 짙 16.11 , 짙 17.23 , 짙 17.71 , 짙 18.18 , 짙 18.65 , 짙 22.35 , 짙 23.30 , 짙 24.24 , 짙 25.20 , 짙 26.14 , 짙 27.10 , 짙 28.39 , 짙 29.33 , 짙 30.29 , 짙 31.25 , 짙 32.19 , 짙 33.14 , 짙 34.08 , 짙 35.04 , 짙 35.98 , 짙 36.93 , 짙 46.70 , 짙 56.18 , 짙 -   , 짙 -   
France,DDU Courier, 짙 7.61 , 짙 8.45 , 짙 9.43 , 짙 10.26 , 짙 11.09 , 짙 11.93 , 짙 12.76 , 짙 13.60 , 짙 19.51 , 짙 19.97 , 짙 20.44 , 짙 20.91 , 짙 21.38 , 짙 21.84 , 짙 22.66 , 짙 23.12 , 짙 23.59 , 짙 24.05 , 짙 24.51 , 짙 24.98 , 짙 25.45 , 짙 25.92 , 짙 26.38 , 짙 26.84 , 짙 31.78 , 짙 36.44 , 짙 -   , 짙 -   
Germany,DDU Courier, 짙 7.20 , 짙 7.76 , 짙 8.48 , 짙 9.05 , 짙 9.61 , 짙 10.20 , 짙 10.76 , 짙 11.33 , 짙 13.81 , 짙 14.27 , 짙 14.73 , 짙 15.18 , 짙 15.65 , 짙 16.09 , 짙 16.90 , 짙 17.36 , 짙 17.82 , 짙 18.27 , 짙 18.74 , 짙 19.18 , 짙 19.65 , 짙 20.11 , 짙 20.56 , 짙 21.02 , 짙 25.86 , 짙 30.42 , 짙 -   , 짙 -   
Greece,DDU Courier, 짙 10.03 , 짙 13.05 , 짙 16.30 , 짙 19.30 , 짙 22.32 , 짙 24.48 , 짙 25.48 , 짙 26.48 , 짙 31.71 , 짙 33.72 , 짙 35.72 , 짙 37.74 , 짙 39.74 , 짙 41.76 , 짙 44.37 , 짙 46.37 , 짙 48.38 , 짙 50.38 , 짙 52.40 , 짙 54.40 , 짙 56.42 , 짙 58.42 , 짙 60.42 , 짙 62.43 , 짙 82.99 , 짙 103.07 , 짙 -   , 짙 -   
Hungary,DDU Courier, 짙 8.66 , 짙 8.66 , 짙 9.94 , 짙 11.36 , 짙 12.76 , 짙 14.18 , 짙 15.59 , 짙 17.00 , 짙 19.93 , 짙 21.03 , 짙 22.12 , 짙 23.23 , 짙 24.32 , 짙 25.42 , 짙 26.87 , 짙 27.96 , 짙 29.07 , 짙 30.17 , 짙 31.26 , 짙 32.37 , 짙 33.45 , 짙 34.56 , 짙 35.65 , 짙 36.75 , 짙 48.01 , 짙 58.98 , 짙 -   , 짙 -   
Ireland,DDU Courier, 짙 8.06 , 짙 8.06 , 짙 9.14 , 짙 9.14 , 짙 9.14 , 짙 9.14 , 짙 9.14 , 짙 9.14 , 짙 9.94 , 짙 9.94 , 짙 9.94 , 짙 9.94 , 짙 9.94 , 짙 9.94 , 짙 12.60 , 짙 12.60 , 짙 12.60 , 짙 12.60 , 짙 12.60 , 짙 12.60 , 짙 12.60 , 짙 12.60 , 짙 12.60 , 짙 12.60 , 짙 14.73 , 짙 14.73 , 짙 19.69 , 짙 19.69 
Italy,DDU Courier, 짙 9.29 , 짙 10.84 , 짙 12.64 , 짙 14.18 , 짙 15.73 , 짙 17.29 , 짙 18.84 , 짙 20.39 , 짙 28.19 , 짙 29.53 , 짙 30.89 , 짙 32.23 , 짙 33.57 , 짙 34.92 , 짙 36.87 , 짙 38.22 , 짙 39.56 , 짙 40.90 , 짙 42.25 , 짙 43.59 , 짙 44.95 , 짙 46.29 , 짙 47.64 , 짙 48.98 , 짙 62.92 , 짙 76.39 , 짙 -   , 짙 -   
Latvia,DDU Courier, 짙 11.36 , 짙 11.36 , 짙 12.57 , 짙 13.61 , 짙 14.85 , 짙 15.41 , 짙 15.97 , 짙 16.54 , 짙 18.71 , 짙 19.84 , 짙 20.96 , 짙 22.08 , 짙 23.21 , 짙 24.33 , 짙 25.81 , 짙 26.93 , 짙 28.05 , 짙 29.19 , 짙 30.31 , 짙 31.42 , 짙 32.54 , 짙 33.68 , 짙 34.80 , 짙 35.92 , 짙 47.44 , 짙 58.68 , 짙 -   , 짙 -   
Lithuania,DDU Courier, 짙 11.36 , 짙 11.36 , 짙 12.57 , 짙 12.57 , 짙 12.57 , 짙 12.57 , 짙 12.76 , 짙 13.24 , 짙 14.29 , 짙 15.24 , 짙 16.18 , 짙 17.14 , 짙 18.08 , 짙 19.03 , 짙 20.33 , 짙 21.27 , 짙 22.23 , 짙 23.18 , 짙 24.12 , 짙 25.08 , 짙 26.02 , 짙 26.98 , 짙 27.92 , 짙 28.87 , 짙 38.64 , 짙 48.11 , 짙 -   , 짙 -   
Luxembourg,DDU Courier, 짙 8.45 , 짙 8.45 , 짙 8.82 , 짙 8.82 , 짙 9.42 , 짙 10.06 , 짙 10.57 , 짙 10.87 , 짙 11.57 , 짙 12.17 , 짙 12.76 , 짙 13.36 , 짙 13.96 , 짙 14.56 , 짙 15.51 , 짙 16.11 , 짙 16.71 , 짙 17.30 , 짙 17.90 , 짙 18.50 , 짙 19.09 , 짙 19.69 , 짙 20.29 , 짙 20.89 , 짙 27.14 , 짙 33.11 , 짙 -   , 짙 -   
Malta,DDU Courier, 짙 10.54 , 짙 12.88 , 짙 15.48 , 짙 17.82 , 짙 20.17 , 짙 22.51 , 짙 24.87 , 짙 26.90 , 짙 29.22 , 짙 31.36 , 짙 33.50 , 짙 35.65 , 짙 37.78 , 짙 39.92 , 짙 42.67 , 짙 44.82 , 짙 46.95 , 짙 49.10 , 짙 51.23 , 짙 53.37 , 짙 55.52 , 짙 57.65 , 짙 59.80 , 짙 61.94 , 짙 83.84 , 짙 105.26 , 짙 -   , 짙 -   
Netherlands,DDU Courier, 짙 10.14 , 짙 10.14 , 짙 10.38 , 짙 10.38 , 짙 10.38 , 짙 10.38 , 짙 10.38 , 짙 10.38 , 짙 10.57 , 짙 10.57 , 짙 10.57 , 짙 10.57 , 짙 10.57 , 짙 10.57 , 짙 11.17 , 짙 11.17 , 짙 11.17 , 짙 11.17 , 짙 11.17 , 짙 11.17 , 짙 11.17 , 짙 11.17 , 짙 11.17 , 짙 11.17 , 짙 11.64 , 짙 11.64 , 짙 -   , 짙 -   
Poland,DDU Courier, 짙 8.09 , 짙 9.14 , 짙 11.05 , 짙 12.82 , 짙 14.59 , 짙 16.15 , 짙 16.62 , 짙 17.09 , 짙 19.17 , 짙 20.12 , 짙 21.06 , 짙 22.02 , 짙 22.96 , 짙 23.92 , 짙 25.21 , 짙 26.15 , 짙 27.11 , 짙 28.05 , 짙 29.01 , 짙 29.96 , 짙 30.90 , 짙 31.86 , 짙 32.80 , 짙 33.75 , 짙 43.52 , 짙 53.00 , 짙 -   , 짙 -   
Portugal,DDU Courier, 짙 7.18 , 짙 8.96 , 짙 10.87 , 짙 12.64 , 짙 14.09 , 짙 14.62 , 짙 15.12 , 짙 15.63 , 짙 16.75 , 짙 17.77 , 짙 18.80 , 짙 19.81 , 짙 20.83 , 짙 21.84 , 짙 23.21 , 짙 24.23 , 짙 25.24 , 짙 26.27 , 짙 27.29 , 짙 28.30 , 짙 29.32 , 짙 30.35 , 짙 31.36 , 짙 32.38 , 짙 42.85 , 짙 53.04 , 짙 -   , 짙 -   
Romania,DDU Courier, 짙 8.97 , 짙 8.97 , 짙 10.15 , 짙 11.75 , 짙 13.35 , 짙 14.94 , 짙 16.54 , 짙 18.14 , 짙 19.84 , 짙 20.93 , 짙 22.00 , 짙 23.08 , 짙 24.17 , 짙 25.24 , 짙 26.68 , 짙 27.75 , 짙 28.84 , 짙 29.92 , 짙 30.99 , 짙 32.08 , 짙 33.16 , 짙 34.23 , 짙 35.32 , 짙 36.40 , 짙 47.49 , 짙 58.28 , 짙 -   , 짙 -   
Slovakia,DDU Courier, 짙 7.58 , 짙 8.67 , 짙 10.30 , 짙 11.67 , 짙 13.05 , 짙 14.42 , 짙 15.79 , 짙 17.17 , 짙 23.09 , 짙 23.75 , 짙 24.41 , 짙 25.07 , 짙 25.72 , 짙 26.36 , 짙 27.62 , 짙 28.27 , 짙 28.93 , 짙 29.59 , 짙 30.25 , 짙 30.89 , 짙 31.54 , 짙 32.20 , 짙 32.86 , 짙 33.50 , 짙 40.52 , 짙 47.05 , 짙 -   , 짙 -   
Slovenia,DDU Courier, 짙 11.02 , 짙 11.02 , 짙 11.69 , 짙 12.75 , 짙 14.51 , 짙 15.82 , 짙 16.42 , 짙 17.03 , 짙 18.35 , 짙 19.56 , 짙 20.77 , 짙 21.99 , 짙 23.20 , 짙 24.41 , 짙 25.98 , 짙 27.18 , 짙 28.39 , 짙 29.60 , 짙 30.81 , 짙 32.02 , 짙 33.25 , 짙 34.46 , 짙 35.66 , 짙 36.87 , 짙 49.28 , 짙 61.40 , 짙 -   , 짙 -   
Spain,DDU Courier, 짙 7.37 , 짙 9.18 , 짙 11.12 , 짙 12.93 , 짙 14.73 , 짙 16.54 , 짙 18.02 , 짙 18.45 , 짙 22.17 , 짙 23.05 , 짙 23.93 , 짙 24.81 , 짙 25.69 , 짙 26.56 , 짙 27.80 , 짙 28.68 , 짙 29.54 , 짙 30.42 , 짙 31.31 , 짙 32.19 , 짙 33.07 , 짙 33.95 , 짙 34.81 , 짙 35.69 , 짙 44.76 , 짙 53.55 , 짙 -   , 짙 -   
Spain - Balearic Islands,DDU Courier, 짙 22.90 , 짙 23.35 , 짙 23.93 , 짙 24.36 , 짙 24.80 , 짙 25.24 , 짙 25.68 , 짙 26.13 , 짙 27.10 , 짙 27.98 , 짙 28.86 , 짙 29.74 , 짙 30.62 , 짙 31.50 , 짙 32.72 , 짙 33.60 , 짙 34.49 , 짙 35.35 , 짙 36.23 , 짙 37.11 , 짙 37.99 , 짙 38.87 , 짙 39.75 , 짙 40.62 , 짙 49.68 , 짙 58.48 , 짙 -   , 짙 -   
Spain - Canary Islands,DDU Courier, 짙 37.59 , 짙 38.04 , 짙 38.62 , 짙 39.05 , 짙 39.49 , 짙 39.93 , 짙 40.37 , 짙 40.81 , 짙 41.80 , 짙 42.67 , 짙 43.55 , 짙 44.43 , 짙 46.92 , 짙 46.92 , 짙 48.79 , 짙 48.79 , 짙 49.17 , 짙 50.06 , 짙 50.92 , 짙 51.80 , 짙 72.99 , 짙 72.99 , 짙 72.99 , 짙 72.99 , 짙 98.63 , 짙 132.45 , 짙 -   , 짙 -   
Sweden,DDU Courier, 짙 7.69 , 짙 8.87 , 짙 10.21 , 짙 11.39 , 짙 12.58 , 짙 13.78 , 짙 14.96 , 짙 16.15 , 짙 19.57 , 짙 20.63 , 짙 21.71 , 짙 22.78 , 짙 23.86 , 짙 24.92 , 짙 26.35 , 짙 27.41 , 짙 28.48 , 짙 29.56 , 짙 30.63 , 짙 31.71 , 짙 32.77 , 짙 33.84 , 짙 34.92 , 짙 35.99 , 짙 46.98 , 짙 57.70 , 짙 -   , 짙 -   
,,,,,,,,,,,,,,,,,,,,,,,,,,,,,
What You Can & Can't Send by Courier | Evri,,,,,,,,,,,,,,,,,,,,,,,,,,,,,
,,,,,,,,,,,,,,,,,,,,,,,,,,,,,
"*Please note, these rates are not necessarily valid for 12 months. However, we will communicate to you before amending any prices based on carrier increases.",,,,,,,,,,,,,,,,,,,,,,,,,,,,,
*Please ensure that the Terms and Conditions and Surcharges are read and understood on the Evri website.,,,,,,,,,,,,,,,,,,,,,,,,,,,,,
"*Other surcharges imposed by Evri may apply, for example a Clean Air Surcharge. These will be passed on at cost and are subject to change.",,,,,,,,,,,,,,,,,,,,,,,,,,,,,